id,first_name,last_name,email,gender,phone_number,street,city,state,zip_code,insurance_id
1,Eva,Trotman,etrotman0@php.net,F,716-919-0851,00 Spaight Plaza,Cervantes,MN,55092,22
2,Modesta,Keets,mkeets1@ibm.com,F,321-802-5010,47827 Birchwood Place,Kristinestad,GA,31603,15
3,Dewie,De Dei,ddedei2@gnu.org,M,775-101-1334,38089 Barby Court,Kalde Panga,SD,57701,5
4,Floyd,Maestro,fmaestro3@parallels.com,M,239-102-5652,529 Gina Alley,Izazi,WY,82201,13
5,Amelie,Paylie,apaylie4@google.ru,F,301-413-5777,36 Lunder Hill,Vila Verde,WI,54915,16
6,Web,Mott,wmott5@php.net,M,757-945-2855,31117 Sachs Trail,Herrljunga,SC,29681,3
7,Cornela,Cianni,ccianni6@buzzfeed.com,F,214-578-8554,74776 Eggendart Circle,Magangué,NY,12078,23
8,Annamarie,Jeves,ajeves7@google.com.au,F,972-974-2009,4 Paget Terrace,Sepahua,TN,37404,19
9,Rafaelia,Kirkup,rkirkup8@webs.com,F,706-250-3342,9 Goodland Way,Austin,MA,2780,15
10,Thaddus,Pearcy,tpearcy9@ameblo.jp,M,412-927-0715,96199 Lindbergh Avenue,Port Area,OH,43110,8
11,Richard,Saberton,rsabertona@bravesites.com,M,512-289-5211,814 Almo Street,Toba,OH,43113,3
12,Edmon,Yankov,eyankovb@ebay.co.uk,M,202-340-6437,2 Dottie Hill,Walakeri,WI,54935,6
13,Barbara-anne,Dondon,bdondonc@engadget.com,F,765-423-8072,38 Prentice Park,Santa Luzia,NY,11229,0
14,Christy,Marcoolyn,cmarcoolynd@boston.com,M,419-753-1062,5655 Swallow Trail,Laholm,NE,68046,11
15,Daniel,Glaze,dglazee@hostgator.com,M,937-455-4709,8047 Pleasure Crossing,Nueva Guinea,IA,50536,22
16,Brewer,Ebbitt,bebbittf@deliciousdays.com,M,713-478-1834,38 Holy Cross Street,Derjan,KS,67861,10
17,Coleen,Frogley,cfrogleyg@house.gov,F,361-653-3398,72788 Eliot Avenue,Plaški,NH,3894,18
18,Jakob,Wallbutton,jwallbuttonh@godaddy.com,M,410-418-2868,24 Merchant Junction,Kleszczewo,AR,72335,6
19,Rik,Pike,rpikei@disqus.com,M,805-778-3124,659 Crescent Oaks Plaza,Krasnaya Polyana,MD,21701,10
20,Jessamine,Eynald,jeynaldj@barnesandnoble.com,F,408-843-4156,4999 Ridgeway Junction,Bastos,OK,74048,24
21,Koressa,Fearnall,kfearnallk@lulu.com,F,202-814-7593,9 Tony Avenue,Wesoła,MA,2111,8
22,Lucky,Walak,lwalakl@hao123.com,F,713-284-2855,29 Autumn Leaf Court,Tualangcut,VA,23116,7
23,Joleen,Corkell,jcorkellm@meetup.com,F,714-753-9277,0 Continental Alley,Alajuelita,NM,88401,18
24,Blondie,Lapslie,blapslien@psu.edu,F,571-973-4825,5770 5th Crossing,Cilampuyang,IL,62450,9
25,Rhetta,Brunsdon,rbrunsdono@pcworld.com,F,404-255-9517,44 Marquette Center,Zhaozhen,SC,29641,18
26,Correna,Corter,ccorterp@elpais.com,F,865-589-1117,46 Burning Wood Court,Cigenca,HI,96819,15
27,Ardyth,Starbucke,astarbuckeq@storify.com,F,727-960-2610,56639 Warner Pass,Priiskovyy,NC,28203,20
28,Gino,Edgerley,gedgerleyr@stanford.edu,M,520-332-4666,847 Ryan Lane,Jankomir,AZ,85016,0
29,Essy,Yallop,eyallops@meetup.com,F,202-304-9881,696 Dexter Point,El Espino,TX,75090,5
30,Vyky,Karby,vkarbyt@youtu.be,F,414-826-0991,8306 Del Mar Trail,Mosteiros,MS,39667,15
31,Amalea,Baroc,abarocu@yahoo.com,F,505-519-1602,97936 8th Center,Katsuta,MO,63017,9
32,Caddric,Renol,crenolv@youtu.be,M,719-513-3477,327 Lotheville Way,Villa Ángela,NE,68845,21
33,Xenia,Cottem,xcottemw@example.com,F,915-630-4763,01270 Union Avenue,Qindu,CA,90033,22
34,Thaddeus,Woolfitt,twoolfittx@ezinearticles.com,M,717-675-6993,1852 Michigan Alley,Hernando,FL,32901,13
35,Guilbert,Adacot,gadacoty@cnet.com,M,509-593-5830,29 Southridge Alley,Pravda,OH,45690,23
36,Sven,Mate,smatez@oracle.com,M,505-978-9467,38188 Sloan Hill,Kingsport,OK,74820,2
37,Cole,Terrill,cterrill10@ustream.tv,M,763-239-6552,14 Lakewood Court,Chonchi,GU,96929,23
38,Herrick,Tibbs,htibbs11@fotki.com,M,530-592-0909,234 Clyde Gallagher Drive,Santa Cruz,AR,71635,25
39,Lottie,Draycott,ldraycott12@flavors.me,F,208-768-9477,225 Surrey Terrace,Shuicha,IN,47150,3
40,Andres,Laing,alaing13@unicef.org,M,419-260-1587,3745 Beilfuss Way,Yŏnggwang-ŭp,NV,89102,19
41,Riane,Weiner,rweiner14@examiner.com,F,215-772-8482,1889 Lakewood Gardens Lane,Malaga,MA,1701,23
42,Consuelo,Rawcliffe,crawcliffe15@timesonline.co.uk,F,515-121-4654,3 Buell Parkway,Prosvet,KS,66725,1
43,Traci,Fullicks,tfullicks16@nifty.com,F,864-421-1813,19068 Oxford Lane,Ghāt,PA,19464,22
44,Saree,Lyptratt,slyptratt17@sohu.com,F,754-763-0182,699 Kennedy Street,Ocala,OH,45123,21
45,Marianna,Blesing,mblesing18@umich.edu,F,314-533-5045,6297 South Road,Gurung,GA,30742,17
46,Avis,Sommerlie,asommerlie19@state.tx.us,F,786-939-1833,5 Mariners Cove Trail,Curuggoong,IL,61354,17
47,Alethea,Local,alocal1a@odnoklassniki.ru,F,202-250-2598,1423 Glacier Hill Circle,Corumbá,TX,76837,25
48,Therese,Reneke,treneke1b@shop-pro.jp,F,704-633-3406,7 Red Cloud Trail,Sukawening,FL,32570,21
49,Clark,Roseblade,croseblade1c@google.com,M,816-584-0986,0179 Comanche Road,Tanjung Palas,MD,21014,6
50,Mariska,Colston,mcolston1d@360.cn,F,503-715-3409,5687 Grim Center,Malunda,CA,92663,6
51,Marlie,Daintree,mdaintree1e@tiny.cc,F,804-657-8999,077 Bay Street,Masvingo,IA,50501,9
52,Demetra,Hobble,dhobble1f@timesonline.co.uk,F,337-994-2319,341 Arrowood Parkway,Daxing,WA,98362,24
53,Ezekiel,Casement,ecasement1g@rediff.com,M,330-177-5856,114 Vidon Circle,Yezhu,TX,75063,1
54,Griswold,Rumin,grumin1h@weather.com,M,202-398-2260,376 Havey Park,Estância Velha,OH,43016,22
55,Ermengarde,Stannion,estannion1i@cloudflare.com,F,816-315-8362,961 Muir Terrace,Paso de Carrasco,OH,44501,15
56,Aldridge,Meechan,ameechan1j@weebly.com,M,513-197-4090,478 Talmadge Park,Taphan Hin,MN,56164,1
57,Carmine,Dubbin,cdubbin1k@reuters.com,F,518-739-4376,9 Dapin Trail,Wulan Hada,FL,33407,15
58,Drake,Flay,dflay1l@google.ru,M,720-727-5477,9501 Armistice Way,Venustiano Carranza,MT,59858,14
59,Carin,O'Sharry,cosharry1m@bravesites.com,F,651-100-9144,4 Dixon Hill,Tarrafal de São Nicolau,CA,92801,19
60,Maje,Vennings,mvennings1n@examiner.com,M,205-106-4744,878 Victoria Junction,Monte-Carlo,NC,28117,11
61,Gretel,Ackenson,gackenson1o@cdbaby.com,F,530-315-5525,7396 Iowa Crossing,Moca,WI,54456,13
62,Rich,Purtell,rpurtell1p@goo.ne.jp,M,785-776-8992,7709 Ridgeway Center,General Santos,IL,60134,6
63,Annemarie,Blamphin,ablamphin1q@timesonline.co.uk,F,812-803-8478,9270 Porter Street,Shināş,CA,92708,14
64,Alain,Burnes,aburnes1r@stanford.edu,M,415-183-1392,2 Mariners Cove Trail,El Pao,TN,37096,9
65,Zolly,Castano,zcastano1s@washingtonpost.com,M,813-902-7156,08 Mosinee Street,Santa Cruz do Bispo,FL,33180,13
66,Emmalynne,Flanders,eflanders1t@t.co,F,910-678-0546,92156 Hoard Park,Cojata,SD,57274,19
67,Eyde,Rennison,erennison1u@howstuffworks.com,F,225-359-2954,5787 Parkside Junction,Rancagadog,WI,54935,2
68,Prudy,Kairns,pkairns1v@shop-pro.jp,F,909-400-3930,532 Marcy Place,Kesabpur,NC,28086,22
69,Diane-marie,Stebbing,dstebbing1w@youtube.com,F,505-855-8074,8292 Weeping Birch Court,Feteira Grande,VA,22191,16
70,Jo-anne,Chipps,jchipps1x@columbia.edu,F,210-232-9046,37316 Manley Junction,Pokrovskoye,OK,74401,8
71,Sarina,Vaun,svaun1y@merriam-webster.com,F,317-497-1432,69 Valley Edge Place,Paiçandu,AR,72632,18
72,Linoel,Moules,lmoules1z@indiegogo.com,M,202-842-2470,99836 Stuart Court,Old City,IA,50025,16
73,Frayda,Riccioppo,friccioppo20@cnn.com,F,571-775-8465,10 Sunfield Terrace,Psyzh,SC,29150,4
74,Alika,Pelosi,apelosi21@reuters.com,F,218-907-6736,00508 Pierstorff Crossing,Dazhou,OR,97420,7
75,Merla,Jandac,mjandac22@irs.gov,F,817-196-7982,57888 Evergreen Circle,Situbondo,CA,91763,11
76,Ofella,Bains,obains23@accuweather.com,F,505-648-6351,33 Eagle Crest Hill,Pingba,IA,51201,6
77,Lida,Mosconi,lmosconi24@geocities.jp,F,512-700-0532,84 Sachtjen Center,Al Buq‘ah,NJ,7601,11
78,Dacy,Peascod,dpeascod25@home.pl,F,407-349-1992,69098 Blaine Plaza,Dolní Černilov,MO,64085,21
79,Renee,Siebart,rsiebart26@nhs.uk,F,316-179-5072,12 Veith Plaza,Huangzhuang,NM,88011,14
80,Alissa,Kinnar,akinnar27@princeton.edu,F,601-542-0024,5784 Weeping Birch Avenue,Lahān,PA,19107,1
81,Zacharie,Pipet,zpipet28@oracle.com,M,979-450-8009,92 Anhalt Plaza,Bacolod,CA,91406,18
82,Vance,Snowsill,vsnowsill29@wired.com,M,309-923-1931,22 Continental Point,Williamsfield,MN,55102,9
83,Alexandros,Braunds,abraunds2a@patch.com,M,661-695-4979,67 Artisan Trail,Jitan,KY,40965,8
84,Carlita,Ternault,cternault2b@barnesandnoble.com,F,512-552-4977,90098 Gulseth Hill,La Clotilde,NY,10591,4
85,Fabe,Seddon,fseddon2c@princeton.edu,M,803-901-3386,86 Petterle Center,Frutillar,AZ,85202,14
86,Tyrone,Seegar,tseegar2d@is.gd,M,415-298-5644,08280 Rusk Trail,Yihe,WV,24801,22
87,Marlin,Comley,mcomley2e@amazon.com,M,915-400-5280,3178 Muir Park,Lairoka,UT,84337,16
88,Delly,Wannop,dwannop2f@hhs.gov,F,918-350-3751,63259 Shelley Park,Yujiawu,NE,68661,14
89,Kip,Denial,kdenial2g@samsung.com,M,251-485-7348,17996 Comanche Plaza,Srinjine,WI,53143,12
90,Knox,Broke,kbroke2h@arstechnica.com,M,541-531-9723,4 East Point,Potoru,FL,34285,4
91,Amargo,Ferronier,aferronier2i@netlog.com,F,212-361-6868,80 Barby Avenue,Jinzhou,WY,82431,2
92,Aksel,Fenton,afenton2j@nymag.com,M,915-140-7185,34828 Shelley Alley,Santa Marcela,CA,90509,8
93,Cirilo,Zealey,czealey2k@godaddy.com,M,704-902-6419,91868 Fairview Pass,Tomigusuku,GU,96913,0
94,Imelda,Canas,icanas2l@house.gov,F,214-793-9311,2 Elka Alley,Ganyan,NC,28374,15
95,Lacie,Dorkins,ldorkins2m@istockphoto.com,F,858-369-8946,41409 Westerfield Avenue,Novaya Lyalya,SD,57105,14
96,King,Bras,kbras2n@hostgator.com,M,813-710-4723,5938 Boyd Drive,Beni Khiar,IL,61354,17
97,Aurelie,Perri,aperri2o@vkontakte.ru,F,214-933-4060,8409 Crowley Center,Oleksandrivka,NV,89502,17
98,Cassie,Antat,cantat2p@delicious.com,M,615-567-1520,286 Thackeray Hill,Tosu,MO,64601,2
99,Meade,Paoloni,mpaoloni2q@bloomberg.com,M,305-254-3441,25392 Dixon Pass,Bagong Sikat,WV,26147,20
100,Daren,Will,dwill2r@pcworld.com,M,718-385-9536,089 Riverside Park,Woodstock,UT,84741,17
101,Honey,Tivolier,htivolier2s@sourceforge.net,F,859-950-1772,0438 Arrowood Center,Chinchiná,MN,55092,5
102,Mathew,Jochanany,mjochanany2t@about.me,M,702-115-0017,2241 Morrow Parkway,Hailin,GA,31603,7
103,Emlyn,Gaudon,egaudon2u@usda.gov,M,701-489-1943,901 Golf Course Junction,Paris 06,SD,57701,24
104,Peyton,Pittendreigh,ppittendreigh2v@nih.gov,M,651-194-3681,678 Steensland Avenue,Vestmanna,WY,82201,13
105,Marty,Fruser,mfruser2w@examiner.com,M,352-191-5019,0093 Stephen Crossing,Kifrī,WI,54915,9
106,Welsh,Issacson,wissacson2x@google.com,M,212-750-7087,163 Tennyson Avenue,Aksha,SC,29681,6
107,Shepperd,Schieferstein,sschieferstein2y@trellian.com,M,312-845-2378,41 Morningstar Drive,Baochang,NY,12078,17
108,Margie,Riccetti,mriccetti2z@is.gd,F,202-782-8420,688 Northview Place,Markala,TN,37404,6
109,Dominik,Ells,dells30@furl.net,M,305-400-5422,7229 West Point,Qingxi,MA,2780,23
110,Crystie,Freear,cfreear31@loc.gov,F,813-346-9920,33476 Maryland Terrace,Urzuf,OH,43110,16
111,Micky,Whitemarsh,mwhitemarsh32@vistaprint.com,F,212-920-1263,687 Hanson Alley,Lubień,OH,43113,12
112,Kellsie,Hayer,khayer33@yandex.ru,F,772-442-2226,5 Fairfield Point,Nakhabino,WI,54935,1
113,Gus,Cowen,gcowen34@devhub.com,F,915-455-1894,98916 Garrison Terrace,Wisznice,NY,11229,14
114,Evyn,Lycett,elycett35@wufoo.com,M,517-558-8371,334 Westport Plaza,Dahedian,NE,68046,17
115,Muire,Craigmile,mcraigmile36@yandex.ru,F,857-270-7683,5 Oneill Parkway,Jedung,IA,50536,3
116,Kris,Halse,khalse37@hao123.com,M,469-770-0410,36 Mockingbird Point,Casillas,KS,67861,18
117,Alfreda,McLafferty,amclafferty38@japanpost.jp,F,217-986-0541,6 Ronald Regan Point,San Diego,NH,3894,13
118,Maryjo,Ridgway,mridgway39@businessinsider.com,F,434-791-1441,8 Dottie Crossing,Abua,AR,72335,23
119,Rich,Dunwoody,rdunwoody3a@imgur.com,M,415-949-0093,8757 Reinke Place,Tiechang,MD,21701,17
120,Wain,Jellis,wjellis3b@google.de,M,941-389-4575,95484 Buena Vista Crossing,Minjian,OK,74048,15
121,Nina,Crookston,ncrookston3c@utexas.edu,F,202-225-3681,27043 Cascade Place,Krasnokamsk,MA,2111,14
122,Tessa,MacTerlagh,tmacterlagh3d@go.com,F,408-677-1414,73613 Goodland Street,Zarechnyy,VA,23116,3
123,Lorilee,Fozzard,lfozzard3e@trellian.com,F,412-327-2996,66041 Warbler Parkway,Blatná,NM,88401,19
124,Reginald,Radley,rradley3f@imdb.com,M,561-516-5707,8422 American Ash Drive,Bojongsari,IL,62450,24
125,Jacob,Lapham,jlapham3g@zimbio.com,M,508-568-4913,0 Blue Bill Park Place,Al Jubayhah,SC,29641,17
126,Holly,Georgeon,hgeorgeon3h@sciencedaily.com,F,316-637-4088,02 Sachtjen Parkway,Permas,HI,96819,14
127,Chrystel,Hampstead,champstead3i@webeden.co.uk,F,585-526-1945,447 Bay Terrace,Tuchomie,NC,28203,9
128,Karoline,Backen,kbacken3j@blogs.com,F,406-964-7495,098 Muir Crossing,Runović,AZ,85016,1
129,Kristin,Koppes,kkoppes3k@amazon.com,F,754-438-7632,53 Shoshone Point,Santa Ana,TX,75090,0
130,Yule,Tregonna,ytregonna3l@barnesandnoble.com,M,414-730-3678,7589 Michigan Crossing,Krugersdorp,MS,39667,7
131,Henrik,Southcott,hsouthcott3m@bbc.co.uk,M,214-231-0813,518 Bayside Lane,Granada,MO,63017,5
132,Boyce,Rohloff,brohloff3n@creativecommons.org,M,412-740-7235,68 Paget Alley,Ambulong,NE,68845,16
133,Randolf,Maxted,rmaxted3o@cafepress.com,M,714-535-6069,1 Forest Place,Casal,CA,90033,23
134,Dodi,Davis,ddavis3p@csmonitor.com,F,408-158-5817,6 Katie Parkway,Mafra,FL,32901,8
135,Land,Horwell,lhorwell3q@bigcartel.com,M,310-395-8948,448 Vernon Crossing,Niujiang,OH,45690,19
136,Bidget,Janssens,bjanssens3r@ehow.com,F,812-103-4646,29 Thierer Trail,Pinamalayan,OK,74820,13
137,Yoshi,Outlaw,youtlaw3s@irs.gov,F,505-834-0701,4354 South Drive,Tongshan,GU,96929,12
138,Robinson,Danielsohn,rdanielsohn3t@ihg.com,M,501-697-4131,3 Pankratz Plaza,Lüderitz,AR,71635,5
139,Alysa,Posselwhite,aposselwhite3u@list-manage.com,F,408-386-8294,51 Ryan Place,Chavarría,IN,47150,21
140,Emery,Olyet,eolyet3v@wikispaces.com,M,325-970-5609,1734 Dryden Avenue,Nungwi,NV,89102,10
141,Arnold,Trumpeter,atrumpeter3w@blinklist.com,M,830-302-1663,2 Arkansas Street,Liuhe,MA,1701,22
142,Twyla,Glazier,tglazier3x@deliciousdays.com,F,432-174-1788,62412 Northview Point,Limoeiro de Anadia,KS,66725,22
143,Cinderella,Jeromson,cjeromson3y@un.org,F,816-932-1763,7 Esch Trail,Buštěhrad,PA,19464,7
144,Ezechiel,McCaffrey,emccaffrey3z@nba.com,M,772-900-7852,35 Sunfield Hill,Taveiro,OH,45123,25
145,Sonnie,Jeans,sjeans40@omniture.com,M,915-625-0106,0 North Drive,Cerro Corá,GA,30742,8
146,Brittani,Klimentyonok,bklimentyonok41@storify.com,F,248-858-1208,2176 Alpine Hill,Clearwater,IL,61354,20
147,Barris,Tripon,btripon42@joomla.org,M,713-779-0102,5 Melvin Junction,Xilong,TX,76837,1
148,Esther,Hanscome,ehanscome43@sohu.com,F,330-989-9141,21786 Cody Road,Rokietnica,FL,32570,8
149,Quintin,Kenrat,qkenrat44@youtube.com,M,917-623-9195,1 4th Junction,Kuala Lumpur,MD,21014,10
150,Gale,Dilleway,gdilleway45@independent.co.uk,M,417-907-5362,038 Bunker Hill Plaza,Vyshhorod,CA,92663,17
151,Riobard,Kingzeth,rkingzeth46@ftc.gov,M,405-612-4092,33023 Mccormick Avenue,Hicksville,IA,50501,22
152,Chaim,Danels,cdanels47@wordpress.org,M,626-567-0483,718 Derek Plaza,Jönköping,WA,98362,17
153,Essa,Barbery,ebarbery48@tripadvisor.com,F,210-778-3416,3714 Warner Parkway,Ishqoshim,TX,75063,6
154,Georas,Pridgeon,gpridgeon49@mayoclinic.com,M,614-563-7025,13367 Sage Junction,Xiaoshiqiao,OH,43016,11
155,Leonardo,Korbmaker,lkorbmaker4a@cbslocal.com,M,814-265-2182,34 Dryden Junction,Sunjia Buzi,OH,44501,13
156,Dorette,Chennells,dchennells4b@bandcamp.com,F,859-667-4477,61 Cottonwood Center,Leninogorsk,MN,56164,14
157,Kial,Lorenzin,klorenzin4c@goo.gl,F,484-583-3210,0 Dexter Center,Vila Velha,FL,33407,11
158,Domenic,Millions,dmillions4d@ehow.com,M,816-147-4535,40 Toban Hill,Evansville,MT,59858,13
159,Siegfried,Gunthorp,sgunthorp4e@loc.gov,M,201-431-6659,209 Hollow Ridge Center,Har-Us,CA,92801,7
160,Haywood,Braunlein,hbraunlein4f@icio.us,M,610-508-4069,26117 Butterfield Parkway,Loures,NC,28117,23
161,Margaux,MacKey,mmackey4g@bigcartel.com,F,212-396-7245,06 Golf Court,Lubu,WI,54456,7
162,Raynor,Chopping,rchopping4h@wunderground.com,M,785-207-7552,480 Coleman Circle,Paraguarí,IL,60134,21
163,Nap,Mallia,nmallia4i@delicious.com,M,205-811-4633,188 Butterfield Court,Bắc Ninh,CA,92708,3
164,Goraud,Tole,gtole4j@goo.ne.jp,M,714-785-7671,39727 3rd Road,Rio Negrinho,TN,37096,10
165,Dacie,Donhardt,ddonhardt4k@aboutads.info,F,202-345-4425,2 Donald Court,Campo Largo,FL,33180,22
166,Claudia,Pottberry,cpottberry4l@japanpost.jp,F,772-383-2970,4 Luster Pass,Tajrīsh,SD,57274,7
167,Farleigh,Radenhurst,fradenhurst4m@jiathis.com,M,803-396-5984,52172 Washington Drive,Aricapampa,WI,54935,10
168,Petra,Mateo,pmateo4n@cbslocal.com,F,706-870-4718,3335 Lukken Drive,Limbuš,NC,28086,6
169,Irvine,Clemensen,iclemensen4o@wunderground.com,M,862-136-3005,5096 Memorial Street,Chyňava,VA,22191,10
170,Lucilia,Trulock,ltrulock4p@yandex.ru,F,603-721-1868,029 Bluestem Way,Jagdaqi,OK,74401,5
171,Margaretha,Cragell,mcragell4q@mashable.com,F,206-728-1088,8783 Moose Street,Kahama,AR,72632,6
172,Carlin,Armstrong,carmstrong4r@toplist.cz,F,571-572-9839,539 Schiller Plaza,Louisville,IA,50025,14
173,Ashley,Fulmen,afulmen4s@aol.com,F,208-737-2767,0 Arizona Court,Doljo,SC,29150,19
174,Paulina,Wharrier,pwharrier4t@google.cn,F,773-903-4604,9 Hudson Point,Hokor,OR,97420,9
175,Betsey,Chomiszewski,bchomiszewski4u@va.gov,F,540-313-0363,9 Lindbergh Crossing,Lugu,CA,91763,1
176,Mano,Milborn,mmilborn4v@dion.ne.jp,M,614-322-1309,401 Merrick Avenue,Eisen,IA,51201,4
177,Barnabas,Linge,blinge4w@nydailynews.com,M,314-176-1753,6131 Armistice Way,Örebro,NJ,7601,12
178,Xenia,Mulcock,xmulcock4x@shinystat.com,F,507-149-4865,10027 Nobel Hill,Soasio,MO,64085,1
179,Sergio,McCrohon,smccrohon4y@themeforest.net,M,214-194-2680,73792 Schurz Avenue,Além,NM,88011,1
180,Neron,Wookey,nwookey4z@opensource.org,M,713-479-0382,2760 Grasskamp Junction,Sumberpandan,PA,19107,5
181,Elisabet,Hurley,ehurley50@friendfeed.com,F,419-129-2365,426 Oak Valley Alley,Quinta da Queimada,CA,91406,6
182,Sandy,Billett,sbillett51@whitehouse.gov,F,513-480-4394,652 Graedel Park,Wąwolnica,MN,55102,23
183,Romy,Seemmonds,rseemmonds52@admin.ch,F,785-704-0720,3 Mockingbird Point,Mtsensk,KY,40965,10
184,Tova,Cridlon,tcridlon53@statcounter.com,F,843-944-9592,8 Doe Crossing Court,Enskede,NY,10591,1
185,Margarette,Surmeyer,msurmeyer54@nsw.gov.au,F,417-446-2031,87 Morningstar Road,São Bento,AZ,85202,0
186,Blake,Ferryman,bferryman55@domainmarket.com,F,314-529-3202,67 Cambridge Center,San Rafael,WV,24801,5
187,Haskel,Pestor,hpestor56@businesswire.com,M,435-816-9283,9 Tennyson Park,Jenamas,UT,84337,10
188,Ethelred,Stirgess,estirgess57@salon.com,M,915-123-3197,1 Evergreen Alley,Bălţi,NE,68661,3
189,Constance,Woolens,cwoolens58@marketwatch.com,F,504-541-5770,377 Oriole Alley,Kontagora,WI,53143,12
190,Delly,Ismead,dismead59@joomla.org,F,904-105-5948,26203 Jenna Road,Talacogon,FL,34285,7
191,Pollyanna,Mattisson,pmattisson5a@newyorker.com,F,571-624-6804,4 Gerald Place,Torsby,WY,82431,13
192,Gabbie,O'Scanlon,goscanlon5b@stanford.edu,F,916-988-2898,8 Manufacturers Pass,Sesheke,CA,90509,18
193,Andrew,Gerkens,agerkens5c@github.io,M,915-229-2092,6727 Bluejay Trail,Nikitinskiy,GU,96913,13
194,Margie,Lortz,mlortz5d@t.co,F,208-416-1336,169 Pleasure Pass,Sheki,NC,28374,23
195,Anni,Critoph,acritoph5e@yale.edu,F,602-888-1458,0 Saint Paul Place,Dijon,SD,57105,17
196,Catriona,Enochsson,cenochsson5f@hibu.com,F,214-804-5877,709 Eggendart Pass,Madīnat Sittah Uktūbar,IL,61354,22
197,Cesaro,Paske,cpaske5g@odnoklassniki.ru,M,917-536-4963,5532 Laurel Avenue,Larangan,NV,89502,13
198,Abdul,Guarin,aguarin5h@linkedin.com,M,972-134-2021,6076 Heffernan Street,Poyang,MO,64601,20
199,Marla,Konerding,mkonerding5i@seesaa.net,F,502-894-3453,2 Spohn Terrace,Muzaffargarh,WV,26147,6
200,Martie,Pawels,mpawels5j@unicef.org,M,608-828-6642,11 Homewood Trail,Patiya,UT,84741,1
201,Alfreda,Castagnone,acastagnone5k@yale.edu,F,918-553-7780,6226 Thompson Alley,Cimaung Kidul,MN,55092,13
202,Andrus,Fawloe,afawloe5l@ucsd.edu,M,912-435-5740,0 Scofield Street,Datun,GA,31603,9
203,Layla,Lydiatt,llydiatt5m@mayoclinic.com,F,770-482-4414,211 Kingsford Point,Lityn,SD,57701,12
204,Bradney,Ciraldo,bciraldo5n@e-recht24.de,M,202-853-2259,0868 Eastlawn Park,Ganjur,WY,82201,14
205,Ludovika,Flowerden,lflowerden5o@163.com,F,619-518-0094,03 Charing Cross Terrace,Zuocun,WI,54915,7
206,Ruprecht,Donan,rdonan5p@eepurl.com,M,909-881-3039,5 Service Way,Villanova,SC,29681,17
207,Teirtza,Cinelli,tcinelli5q@mozilla.org,F,412-312-1063,2 Northfield Trail,Dayang,NY,12078,21
208,Carolyne,Bragg,cbragg5r@zimbio.com,F,501-332-0084,52828 Grayhawk Alley,Saint-Ouen,TN,37404,18
209,Konstantin,Littlefair,klittlefair5s@fc2.com,M,979-682-6212,30 Shopko Park,Magburaka,MA,2780,4
210,Isahella,Frankiewicz,ifrankiewicz5t@google.it,F,704-238-2947,310 Monica Pass,Zapala,OH,43110,23
211,Ferris,Pearmine,fpearmine5u@slideshare.net,M,202-337-1949,02 Dryden Plaza,Galatás,OH,43113,1
212,Ina,Petschelt,ipetschelt5v@shop-pro.jp,F,719-113-4140,6 East Alley,Sagopshi,WI,54935,1
213,Luelle,Auletta,lauletta5w@apple.com,F,203-198-3381,0394 Michigan Drive,Balgatay,NY,11229,23
214,Glory,Shewsmith,gshewsmith5x@de.vu,F,361-993-6464,87 Fisk Avenue,Podedwórze,NE,68046,7
215,Roz,Saurin,rsaurin5y@geocities.com,F,404-310-7078,61 Johnson Place,Novo-Peredelkino,IA,50536,25
216,Crystie,Schoenrock,cschoenrock5z@dedecms.com,F,334-270-2906,9 Spenser Court,Pederneiras,KS,67861,12
217,Philippa,Lally,plally60@reuters.com,F,215-237-2056,660 Marcy Terrace,Koło,NH,3894,18
218,Kerrin,Stead,kstead61@myspace.com,F,727-617-5337,7576 Derek Hill,Aydūn,AR,72335,12
219,Keenan,Troppmann,ktroppmann62@sogou.com,M,813-908-3473,887 Moland Junction,Tancheng,MD,21701,21
220,Nikita,Crolla,ncrolla63@reuters.com,M,339-516-2492,49543 Anniversary Pass,Alak,OK,74048,20
221,Mannie,Gentsch,mgentsch64@un.org,M,619-151-1539,94 Morrow Lane,Fort Wayne,MA,2111,15
222,Abbe,Olivetta,aolivetta65@pbs.org,F,305-863-5576,027 Carpenter Way,Nueva Gerona,VA,23116,23
223,Zebulen,Cookson,zcookson66@wp.com,M,217-384-5351,619 Maryland Trail,Krapyak Kidul,NM,88401,17
224,Emalia,Bakster,ebakster67@wikipedia.org,F,713-163-4108,491 Golf Course Street,Nawal,IL,62450,14
225,Austina,Casado,acasado68@last.fm,F,603-652-5574,9537 Ryan Drive,Olavarría,SC,29641,4
226,Terza,Rhucroft,trhucroft69@storify.com,F,240-705-2827,26769 Elka Avenue,Jamshoro,HI,96819,15
227,Enrico,McComiskie,emccomiskie6a@va.gov,M,718-992-8975,76116 Dawn Parkway,Shengli,NC,28203,22
228,Aksel,Pobjay,apobjay6b@uiuc.edu,M,312-362-9688,387 Reindahl Hill,Norfolk County,AZ,85016,12
229,Tye,Grint,tgrint6c@google.com.hk,M,256-718-0238,8 Holy Cross Circle,Aizkraukle,TX,75090,23
230,Maudie,Scrivin,mscrivin6d@time.com,F,703-885-5295,0 8th Street,Jinhe,MS,39667,12
231,Goldi,Geraghty,ggeraghty6e@tinypic.com,F,507-675-4033,841 Shoshone Hill,Lagasit,MO,63017,23
232,Adolphus,Spinks,aspinks6f@altervista.org,M,817-497-7525,70678 Fair Oaks Drive,Solna,NE,68845,16
233,Bernetta,Lampert,blampert6g@gizmodo.com,F,212-157-9423,96626 Hovde Hill,Coalaque,CA,90033,21
234,Henry,Coade,hcoade6h@imgur.com,M,414-339-9032,8 Hooker Parkway,Marteleira,FL,32901,10
235,Virgilio,Minchella,vminchella6i@yelp.com,M,859-272-7763,35203 Maryland Center,Balindong,OH,45690,12
236,Nickolaus,Boas,nboas6j@ucsd.edu,M,315-166-5628,446 Fisk Place,Deshan,OK,74820,9
237,Tilly,Dermot,tdermot6k@pagesperso-orange.fr,F,937-391-0655,00 Spenser Plaza,Palca,GU,96929,10
238,Lalo,Annice,lannice6l@ca.gov,M,650-198-2137,712 Sachs Circle,Randu,AR,71635,13
239,Lazare,Deverill,ldeverill6m@arizona.edu,M,713-816-2541,19716 Waxwing Crossing,Bantaeng,IN,47150,25
240,Tova,Ambrogi,tambrogi6n@noaa.gov,F,850-279-6956,761 Hanson Lane,Karanggeneng,NV,89102,6
241,Marchelle,Greene,mgreene6o@noaa.gov,F,785-520-9875,47 Canary Circle,Reggada,MA,1701,20
242,Harrietta,Genever,hgenever6p@shinystat.com,F,585-982-5297,58 Brickson Park Center,Sremska Mitrovica,KS,66725,0
243,Fiorenze,Kobes,fkobes6q@state.tx.us,F,818-421-0135,855 Iowa Pass,Dobra,PA,19464,17
244,Calhoun,Heynen,cheynen6r@ihg.com,M,706-172-0844,70947 Dennis Center,Ulety,OH,45123,22
245,Randene,MacGown,rmacgown6s@creativecommons.org,F,612-903-0568,99999 Burrows Plaza,Biyong,GA,30742,25
246,Gregg,Grimme,ggrimme6t@about.com,M,540-697-6633,4644 Beilfuss Crossing,Suḩayl Shibām,IL,61354,6
247,Kessia,Lago,klago6u@businessinsider.com,F,813-372-6582,4359 Ridge Oak Park,Pagarbatu,TX,76837,25
248,Cinda,Donati,cdonati6v@accuweather.com,F,205-254-5908,34002 Eggendart Center,Bressuire,FL,32570,17
249,Freida,Chitson,fchitson6w@ocn.ne.jp,F,508-645-8665,6577 Nova Junction,Batanamang,MD,21014,8
250,Almeta,Lloyds,alloyds6x@fema.gov,F,626-691-2460,10 Wayridge Court,Vyshhorod,CA,92663,20
251,Stafford,Valentin,svalentin6y@state.gov,M,816-997-1821,9897 Melvin Circle,Xinglong,IA,50501,15
252,Jethro,Somerton,jsomerton6z@sciencedaily.com,M,720-742-8483,01 Knutson Park,Banayoyo,WA,98362,9
253,Noelle,Burgisi,nburgisi70@ft.com,F,803-843-4507,57 Mcguire Lane,Szydłowo,TX,75063,15
254,Norris,Greenaway,ngreenaway71@sfgate.com,M,314-581-7952,116 Prairie Rose Park,Gununganyar,OH,43016,18
255,Loleta,Betser,lbetser72@samsung.com,F,941-163-3187,7107 Hermina Plaza,Buriti Alegre,OH,44501,13
256,Fifi,Orrum,forrum73@hubpages.com,F,202-879-6377,46 Starling Plaza,Xiugu,MN,56164,17
257,Adelle,Grewes,agrewes74@furl.net,F,256-995-2098,7 Kensington Trail,Comapa,FL,33407,7
258,Stanford,Mayell,smayell75@sun.com,M,713-266-0346,3 Drewry Junction,Kota Kinabalu,MT,59858,19
259,Donaugh,Bertram,dbertram76@live.com,M,213-585-9867,37776 Susan Drive,Kasba Tadla,CA,92801,19
260,Una,Prodrick,uprodrick77@ed.gov,F,303-669-5955,479 Bashford Junction,Knoxville,NC,28117,15
261,Abby,Dulson,adulson78@behance.net,M,215-817-9571,930 Merry Avenue,Chabany,WI,54456,23
262,Hervey,Arstall,harstall79@nifty.com,M,212-496-3628,905 Hermina Alley,Zhufo,IL,60134,0
263,Tim,Clelland,tclelland7a@usnews.com,F,860-874-6909,0416 Sheridan Court,Ma’ao,CA,92708,19
264,Tami,Batstone,tbatstone7b@globo.com,F,502-793-9732,04 Sachs Alley,Shōbu,TN,37096,17
265,Dolly,Muckersie,dmuckersie7c@answers.com,F,863-813-5929,58 Everett Parkway,Quipot,FL,33180,21
266,Lucilia,Huxham,lhuxham7d@4shared.com,F,757-840-9386,3092 Bashford Circle,Jargalant,SD,57274,10
267,Raye,Rebichon,rrebichon7e@soup.io,F,251-785-9789,4176 Packers Alley,Krzemieniewo,WI,54935,18
268,Elset,Hounsom,ehounsom7f@macromedia.com,F,562-249-5022,16234 Bowman Park,Aţ Ţīrah,NC,28086,14
269,Ebba,Bamblett,ebamblett7g@a8.net,F,862-266-8702,4648 Barnett Trail,Raejeru,VA,22191,0
270,Halimeda,Walls,hwalls7h@qq.com,F,214-206-7322,9341 Muir Avenue,Gaillac,OK,74401,13
271,Mateo,Clover,mclover7i@businesswire.com,M,717-634-8024,93252 Bunting Hill,Qiaogu,AR,72632,11
272,Wernher,Paling,wpaling7j@yellowpages.com,M,424-997-7446,9 Holmberg Street,Saint-Brieuc,IA,50025,4
273,Herrick,Soar,hsoar7k@free.fr,M,806-991-1528,50105 Buena Vista Way,Itabaianinha,SC,29150,6
274,Leonora,Sackes,lsackes7l@imageshack.us,F,786-440-1490,01 Troy Parkway,Ternopil’,OR,97420,20
275,Harman,Retallack,hretallack7m@spotify.com,M,602-381-0662,71 Westend Park,Cileueur,CA,91763,8
276,Yevette,Blandamore,yblandamore7n@g.co,F,702-682-7904,60 Hoepker Avenue,San Ignacio,IA,51201,9
277,Oliver,Huby,ohuby7o@nytimes.com,M,608-721-8992,067 Vera Trail,Klumpit,NJ,7601,0
278,Amalita,MacClure,amacclure7p@ftc.gov,F,312-885-9503,5859 Daystar Place,Krajan Karangwage,MO,64085,13
279,Wolfgang,Itzik,witzik7q@wordpress.com,M,281-302-5913,1 Westend Lane,Pervomays’k,NM,88011,1
280,Inesita,Ollerenshaw,iollerenshaw7r@latimes.com,F,609-126-1909,74 Glacier Hill Park,Magdalena,PA,19107,22
281,Alicea,Milnthorpe,amilnthorpe7s@posterous.com,F,901-126-5182,650 American Ash Parkway,Reckange-sur-Mess,CA,91406,9
282,Bobbie,Ivins,bivins7t@hhs.gov,F,256-689-0372,233 Mesta Road,Irshava,MN,55102,14
283,Herbert,Dilworth,hdilworth7u@sphinn.com,M,909-725-9457,04 Mcguire Street,Sainte-Anne-de-Bellevue,KY,40965,4
284,Elias,Benninger,ebenninger7v@over-blog.com,M,903-252-3118,9251 Onsgard Circle,Paris 08,NY,10591,5
285,Brod,Croyser,bcroyser7w@wikispaces.com,M,812-647-4490,2 Lien Lane,‘Ibwayn,AZ,85202,4
286,Stoddard,Learned,slearned7x@wikipedia.org,F,330-808-8728,409 Daystar Court,Bouzov,WV,24801,12
287,Ashlie,Penhallurick,apenhallurick7y@netvibes.com,F,601-884-0807,8896 Elgar Terrace,Changxingbao,UT,84337,11
288,Kip,Banham,kbanham7z@nps.gov,F,217-258-4552,4940 Brickson Park Court,Parungjawa,NE,68661,23
289,Evey,Verrall,everrall80@bbb.org,F,806-848-3832,09 Bobwhite Point,Haninge,WI,53143,2
290,Dacie,Presslie,dpresslie81@yellowbook.com,F,336-835-7355,48494 Bowman Place,Dabai,FL,34285,2
291,Joelie,Frantz,jfrantz82@ycombinator.com,F,619-244-5222,30 Rigney Lane,Puyang,WY,82431,19
292,Pinchas,Hanner,phanner83@reference.com,M,979-642-4054,1261 Hoepker Circle,Golovchino,CA,90509,12
293,Cassie,Kender,ckender84@spiegel.de,M,720-595-1589,0 Bartelt Trail,Palaiseau,GU,96913,12
294,Caressa,McGuffie,cmcguffie85@discuz.net,F,208-369-0435,88385 Declaration Court,Akureyri,NC,28374,18
295,Tedda,Morforth,tmorforth86@hubpages.com,F,412-763-3560,4382 Hoffman Street,Le Teil,SD,57105,23
296,Katrinka,Grace,kgrace87@usnews.com,F,425-279-6067,0643 Rieder Point,Cikadu,IL,61354,14
297,Huntington,Croker,hcroker88@cafepress.com,M,315-406-5739,63331 American Ash Lane,Surgut,NV,89502,20
298,Eve,Hulburt,ehulburt89@mayoclinic.com,F,309-843-2652,508 Grayhawk Parkway,Pustomyty,MO,64601,17
299,Wiatt,Marquis,wmarquis8a@wordpress.org,M,612-486-2154,3570 Warrior Lane,Tomislavgrad,WV,26147,6
300,Cornela,Barti,cbarti8b@google.com.br,F,714-265-9654,2 Artisan Plaza,Xitou,UT,84741,16
301,Merell,Domesday,mdomesday8c@ca.gov,M,907-548-8984,53 Pearson Terrace,Tākestān,MN,55092,24
302,Marijo,Grover,mgrover8d@bloglovin.com,F,503-913-2107,42 Summerview Pass,Simo,GA,31603,21
303,Dion,Despenser,ddespenser8e@paypal.com,F,719-166-9661,35 Nova Center,Baganga,SD,57701,4
304,Jameson,Cabena,jcabena8f@studiopress.com,M,916-263-4230,0122 Northport Pass,Lindavista,WY,82201,20
305,Cilka,Plaschke,cplaschke8g@ihg.com,F,405-390-3640,8 Shelley Center,Lasiana,WI,54915,10
306,Miof mela,Lendrem,mlendrem8h@census.gov,F,404-523-7026,69 Claremont Hill,Jombang,SC,29681,5
307,Albie,Purdey,apurdey8i@alibaba.com,M,415-187-6094,5861 Moland Park,Karpinsk,NY,12078,7
308,Steven,Glasspoole,sglasspoole8j@phoca.cz,M,260-116-1615,6 Dovetail Terrace,Bar-le-Duc,TN,37404,12
309,Gates,Ogden,gogden8k@kickstarter.com,F,603-915-4434,470 Truax Terrace,Kowary,MA,2780,1
310,Hobard,Weagener,hweagener8l@cloudflare.com,M,202-546-1729,52260 Daystar Street,Tubuhue,OH,43110,10
311,Miller,Buxy,mbuxy8m@ycombinator.com,M,812-838-8628,428 Mesta Junction,Altay,OH,43113,15
312,Karmen,Crayker,kcrayker8n@google.com.br,F,202-391-9183,3 Bashford Circle,Longbei,WI,54935,23
313,Kennie,Vamplew,kvamplew8o@apache.org,M,423-992-1085,715 Grayhawk Alley,Latacunga,NY,11229,5
314,Oswell,Heinl,oheinl8p@un.org,M,954-975-5100,7 Duke Place,Moba,NE,68046,21
315,Levey,Tuckie,ltuckie8q@wordpress.org,M,408-352-5028,9057 Coleman Center,Bayt Wazan,IA,50536,8
316,Tessie,Addington,taddington8r@reference.com,F,816-496-0965,9 Mcguire Lane,Annecy,KS,67861,25
317,Gnni,Tixall,gtixall8s@cnn.com,F,518-425-6320,81443 Bobwhite Crossing,Sambogunung,NH,3894,18
318,Liliane,Aneley,laneley8t@marriott.com,F,972-387-1671,65 Merry Center,Guararé,AR,72335,2
319,Davis,Pinard,dpinard8u@tinyurl.com,M,303-842-0666,52824 Vermont Terrace,Koumac,MD,21701,23
320,Van,Bindon,vbindon8v@unblog.fr,M,330-129-6624,806 Katie Road,Eauripik,OK,74048,22
321,Celene,Bills,cbills8w@dailymail.co.uk,F,405-789-0767,3 Mccormick Park,Trångsund,MA,2111,2
322,Essy,Chalmers,echalmers8x@indiegogo.com,F,760-629-1512,7 Esker Hill,Colonia Elía,VA,23116,16
323,Charlotta,Elsegood,celsegood8y@exblog.jp,F,302-279-9514,13669 Blaine Street,El Obeid,NM,88401,5
324,Auberta,Winterscale,awinterscale8z@ezinearticles.com,F,313-100-6774,9771 Sutherland Street,Veliki Grđevac,IL,62450,15
325,Travus,McNevin,tmcnevin90@amazon.com,M,937-979-3009,0640 Ryan Court,Lorraine,SC,29641,5
326,Galvan,Barts,gbarts91@skyrock.com,M,912-823-1857,1 Beilfuss Parkway,Poputnaya,HI,96819,0
327,Cyndy,Segebrecht,csegebrecht92@shop-pro.jp,F,317-102-9000,4 Debra Park,Kryva Hora,NC,28203,12
328,Noach,Gallelli,ngallelli93@samsung.com,M,601-109-8107,1930 Park Meadow Plaza,Dinjo,AZ,85016,23
329,Liv,Redmell,lredmell94@google.ca,F,202-238-4232,0 Kings Plaza,Paka,TX,75090,11
330,Daphna,Oakhill,doakhill95@hostgator.com,F,856-149-3144,75 Kingsford Circle,Camias,MS,39667,6
331,Sanford,Tammadge,stammadge96@google.com,M,402-639-9329,86794 Fisk Road,Zhangping,MO,63017,9
332,Guillema,Dake,gdake97@globo.com,F,601-765-1653,93751 Pierstorff Lane,Amersfoort,NE,68845,13
333,Manuel,Hartless,mhartless98@businesswire.com,M,608-739-6079,567 Hagan Parkway,San Juan,CA,90033,8
334,Kelila,Sturror,ksturror99@bloglines.com,F,419-394-6716,9 Delladonna Street,Shunyi,FL,32901,11
335,Reinaldos,Klesel,rklesel9a@goodreads.com,M,717-870-3912,8761 Debs Park,Kirovohrad,OH,45690,8
336,Gilligan,Peace,gpeace9b@google.com.hk,F,402-282-2411,9649 Texas Way,Saint-Ouen,OK,74820,20
337,Celinda,McClune,cmcclune9c@hao123.com,F,612-727-9151,1 Mitchell Hill,Pelym,GU,96929,17
338,Rinaldo,Petrushka,rpetrushka9d@about.com,M,615-350-6366,1107 Sauthoff Crossing,Kamalasai,AR,71635,6
339,Lynn,Whelan,lwhelan9e@ucla.edu,F,713-361-3088,589 Schlimgen Drive,Sumbergayam,IN,47150,6
340,Claudie,Fishleigh,cfishleigh9f@google.fr,F,763-465-3489,64339 Westerfield Junction,Troitskaya,NV,89102,5
341,Pernell,Stilgoe,pstilgoe9g@squarespace.com,M,765-101-4636,16996 Stuart Lane,Zhenshan,MA,1701,19
342,Silvano,Barff,sbarff9h@sogou.com,M,253-504-7942,512 Spenser Trail,Samadua,KS,66725,4
343,Dacie,Sircombe,dsircombe9i@globo.com,F,303-739-4669,04327 Northview Park,La Guacamaya,PA,19464,17
344,Darb,Langabeer,dlangabeer9j@wp.com,M,702-393-4890,0140 Stoughton Alley,Wang Nam Yen,OH,45123,16
345,Tiphanie,Disdel,tdisdel9k@devhub.com,F,843-396-9406,13006 Northport Point,Lillers,GA,30742,1
346,Monro,Caldow,mcaldow9l@angelfire.com,M,912-588-5717,495 Corry Court,Tpig,IL,61354,12
347,Louisette,Etchingham,letchingham9m@businesswire.com,F,309-862-3776,947 Lakewood Gardens Terrace,Alenquer,TX,76837,23
348,Obadias,Reeson,oreeson9n@github.io,M,714-283-7847,34254 Erie Street,Banjar Dharmasemedi,FL,32570,20
349,Kathleen,Cutler,kcutler9o@eepurl.com,F,717-915-1589,2 South Way,Mayhan,MD,21014,13
350,Bellina,Riddiford,briddiford9p@wikipedia.org,F,585-765-4659,04716 Northport Trail,Boulogne-sur-Mer,CA,92663,6
351,Alexina,Twiggins,atwiggins9q@ifeng.com,F,615-742-1521,58 Vernon Center,Mbumi,IA,50501,14
352,Raoul,Dykins,rdykins9r@netlog.com,M,816-125-0487,87918 Tony Road,Xinsheng,WA,98362,1
353,Ailbert,Waddams,awaddams9s@discovery.com,M,608-106-8421,12 Sherman Court,Houping,TX,75063,7
354,Lester,Beeck,lbeeck9t@blogspot.com,M,513-798-9167,3 Springs Pass,Tambura,OH,43016,8
355,Elnar,Andrusov,eandrusov9u@mysql.com,M,915-429-4359,9 Service Alley,Magumeri,OH,44501,9
356,Norbie,Cicchetto,ncicchetto9v@un.org,M,202-489-9669,45934 Schurz Point,Vila,MN,56164,20
357,Fionnula,Sandels,fsandels9w@cdc.gov,F,626-938-8764,167 Arizona Lane,Liangkou,FL,33407,5
358,Elane,Casson,ecasson9x@globo.com,F,757-832-6177,10133 Monument Plaza,Getazat,MT,59858,14
359,Sherline,Lowrance,slowrance9y@domainmarket.com,F,810-118-4471,682 Twin Pines Hill,Gawul,CA,92801,17
360,Fara,Beetham,fbeetham9z@bluehost.com,F,972-718-6007,14 Corscot Circle,Wakema,NC,28117,1
361,Papagena,Beauchamp,pbeauchampa0@reverbnation.com,F,917-588-6311,84133 North Trail,Siedliska,WI,54456,2
362,Esma,Arkle,earklea1@time.com,F,310-289-6984,87420 Mayfield Lane,Novaya Tavolzhanka,IL,60134,3
363,Jerri,MacAiline,jmacailinea2@tinyurl.com,M,706-848-3006,69579 Pawling Drive,Cipeundeuy,CA,92708,12
364,Anderson,Ewer,aewera3@rambler.ru,M,303-299-8378,2806 Haas Crossing,Gondomar,TN,37096,14
365,Mufi,Scurman,mscurmana4@addthis.com,F,913-427-9471,09 Holy Cross Avenue,Zhovti Vody,FL,33180,16
366,Sheridan,Fittis,sfittisa5@europa.eu,M,940-514-7152,8015 Hansons Crossing,Yinjiang,SD,57274,4
367,Lonee,Sunter,lsuntera6@apple.com,F,574-494-6575,7940 Monica Road,Landskrona,WI,54935,16
368,Tobe,Fendt,tfendta7@mozilla.org,M,509-684-8060,9123 Bunker Hill Center,Geneng,NC,28086,3
369,Bay,Franscioni,bfranscionia8@instagram.com,M,301-926-2511,90 Transport Junction,Sebba,VA,22191,20
370,Fielding,Full,ffulla9@oakley.com,M,918-633-9519,9878 Melrose Place,Det Udom,OK,74401,21
371,Yetty,Bracci,ybracciaa@blogger.com,F,765-943-2009,2 Mcbride Way,Huddinge,AR,72632,20
372,Vidovic,Mathie,vmathieab@wunderground.com,M,651-818-0264,50 Sommers Alley,Itapetininga,IA,50025,19
373,Seka,Barsam,sbarsamac@ucla.edu,F,520-952-1291,1 Clove Crossing,Chust Shahri,SC,29150,17
374,Fredia,Fawdrie,ffawdriead@hostgator.com,F,504-274-5691,94566 Elka Road,Mólos,OR,97420,12
375,Randell,O'Hallihane,rohallihaneae@sohu.com,M,760-729-4689,9 Hauk Alley,Greystones,CA,91763,19
376,Warner,Paulsson,wpaulssonaf@baidu.com,M,804-653-5864,79034 Carpenter Court,Alhos Vedros,IA,51201,5
377,Horton,Bernholt,hbernholtag@merriam-webster.com,M,803-251-4127,84172 Center Pass,Gadzhiyevo,NJ,7601,11
378,Bondon,Banbury,bbanburyah@xinhuanet.com,M,862-649-3357,4516 Dovetail Pass,Wenfu,MO,64085,14
379,Leonardo,Gainsbury,lgainsburyai@fotki.com,M,240-936-7241,8 Hoffman Parkway,Yong’an,NM,88011,8
380,Hewett,Wedmore.,hwedmoreaj@e-recht24.de,M,816-705-2372,570 Spohn Park,Roboré,PA,19107,2
381,Brandtr,Harty,bhartyak@si.edu,M,315-275-5241,270 Aberg Pass,Stockholm,CA,91406,0
382,Korey,Lingwood,klingwoodal@addtoany.com,M,954-829-3273,65195 Thompson Drive,Tournai,MN,55102,13
383,Orrin,Ninnis,oninnisam@yellowbook.com,M,909-644-9594,4714 Carey Lane,Kolondiéba,KY,40965,2
384,Boycey,Edgeworth,bedgeworthan@webmd.com,M,512-187-7801,97416 Blaine Road,Mamara,NY,10591,19
385,Honor,Naisbet,hnaisbetao@fotki.com,F,917-892-4405,46406 Oakridge Terrace,Cherëmushki,AZ,85202,18
386,Henrieta,Konrad,hkonradap@eventbrite.com,F,563-340-4722,98784 Commercial Lane,Lousa,WV,24801,2
387,Eb,Shakle,eshakleaq@google.pl,M,704-535-2927,84430 Petterle Plaza,Borlänge,UT,84337,11
388,Francklyn,Palmby,fpalmbyar@bloomberg.com,M,404-608-7024,93549 Sunnyside Road,Mandaguari,NE,68661,18
389,Margie,Duggen,mduggenas@live.com,F,256-889-6632,6 Quincy Drive,Clearwater,WI,53143,14
390,Gisele,Newcomen,gnewcomenat@marriott.com,F,702-149-8294,422 Fulton Terrace,Patrang,FL,34285,11
391,Kylila,Rosendall,krosendallau@google.com.hk,F,304-682-0860,6 Arkansas Road,Ínfias,WY,82431,5
392,Byron,Suttie,bsuttieav@hugedomains.com,M,619-473-8660,30033 Spenser Crossing,Paagahan,CA,90509,10
393,Doll,Ruslen,druslenaw@i2i.jp,F,843-494-1032,640 Iowa Hill,Sasar,GU,96913,2
394,Quinton,Tabb,qtabbax@reverbnation.com,M,706-245-5460,74 Fuller Point,Quibdó,NC,28374,25
395,Garreth,Boulter,gboulteray@webmd.com,M,405-600-8298,6795 Roth Lane,Bani,SD,57105,9
396,Florina,Albion,falbionaz@cisco.com,F,850-257-2677,013 Goodland Place,Xinxiang,IL,61354,19
397,Harlan,Husher,hhusherb0@uiuc.edu,M,479-512-2797,6883 Elmside Drive,Bello,NV,89502,11
398,Mason,Chomicki,mchomickib1@ibm.com,M,404-139-6376,34132 David Plaza,Torrijos,MO,64601,14
399,Jaimie,Jeays,jjeaysb2@slashdot.org,F,540-957-5825,5 Iowa Plaza,Konin,WV,26147,7
400,Norene,Millier,nmillierb3@comcast.net,F,404-505-5976,0553 Alpine Park,Cerro de Pasco,UT,84741,2
401,Claire,Lardner,clardnerb4@bing.com,F,251-576-7561,83461 Columbus Way,Osasco,MN,55092,5
402,Aubert,Sket,asketb5@comcast.net,M,336-237-0145,7841 East Circle,Huayuan,GA,31603,12
403,Harrie,Brisland,hbrislandb6@slate.com,F,828-915-5337,7 Hazelcrest Center,Basco,SD,57701,6
404,Jennette,Gilfillan,jgilfillanb7@github.io,F,419-640-9839,8201 Pawling Pass,Dajie,WY,82201,22
405,Arlin,Randall,arandallb8@cornell.edu,M,559-346-1839,86132 Bashford Parkway,København,WI,54915,4
406,Frederich,Livesey,fliveseyb9@flickr.com,M,410-195-3938,166 Burning Wood Lane,Phan Thong,SC,29681,4
407,Terencio,Burless,tburlessba@scientificamerican.com,M,202-116-7974,499 Westport Avenue,Huanggang,NY,12078,5
408,Ashley,Alyokhin,aalyokhinbb@stumbleupon.com,F,303-658-8892,699 Ohio Road,Mendoza,TN,37404,16
409,Phaedra,Insole,pinsolebc@etsy.com,F,646-860-4434,5506 Becker Trail,Saint-Maurice-l'Exil,MA,2780,13
410,Teador,Eastbrook,teastbrookbd@mtv.com,M,970-103-1854,30 Sunbrook Center,Xingang,OH,43110,5
411,Lionel,Eyckelbeck,leyckelbeckbe@ow.ly,M,702-591-4876,0 Comanche Pass,Arão,OH,43113,24
412,Conney,Tupman,ctupmanbf@auda.org.au,M,865-644-4371,2745 Union Avenue,Kiaranonggeng,WI,54935,7
413,Irv,Netherwood,inetherwoodbg@springer.com,M,561-658-8763,7014 Mosinee Center,Radamata,NY,11229,7
414,Kassi,Willmetts,kwillmettsbh@telegraph.co.uk,F,202-328-7049,7879 Larry Center,Kaltungo,NE,68046,14
415,Raffarty,Wakeling,rwakelingbi@google.com.hk,M,904-187-6265,85 Pankratz Trail,Horní Libina,IA,50536,11
416,Dallas,Ingle,dinglebj@reddit.com,M,801-604-5093,183 Eagle Crest Circle,Ipueiras,KS,67861,3
417,Aaren,Morfell,amorfellbk@guardian.co.uk,F,281-107-0034,35479 Dwight Point,Parrsboro,NH,3894,12
418,Sawyer,McVittie,smcvittiebl@earthlink.net,M,206-828-1885,8 Farwell Point,Orikum,AR,72335,3
419,Valaria,Antoniazzi,vantoniazzibm@t.co,F,407-146-0689,0867 Glendale Point,Wichit,MD,21701,12
420,Lionel,Masse,lmassebn@home.pl,M,309-710-1291,2 Macpherson Lane,Siemiątkowo,OK,74048,10
421,Tadd,Reboulet,trebouletbo@jimdo.com,M,617-323-0876,719 Hollow Ridge Trail,Fryanovo,MA,2111,24
422,Helsa,Biaggioli,hbiaggiolibp@jiathis.com,F,757-609-9548,346 Dwight Road,Gromadka,VA,23116,12
423,Frederick,Avory,favorybq@omniture.com,M,805-240-4144,464 Hagan Street,Strassen,NM,88401,22
424,Ethan,Keig,ekeigbr@furl.net,M,678-561-3970,00108 Novick Park,Huangjiakou,IL,62450,18
425,Daveta,Torald,dtoraldbs@t-online.de,F,314-421-8505,184 Magdeline Way,Áno Merá,SC,29641,20
426,Keefe,Kissack,kkissackbt@weebly.com,M,314-358-0005,87273 Homewood Circle,Masis,HI,96819,19
427,Belle,Guillford,bguillfordbu@vkontakte.ru,F,317-348-5132,4 Browning Place,Sainte-Geneviève-des-Bois,NC,28203,10
428,Simona,Cayley,scayleybv@liveinternet.ru,F,801-384-6170,5 Bobwhite Terrace,Ban Khok,AZ,85016,12
429,Alie,Gulk,agulkbw@yelp.com,F,305-970-2243,7145 Jenifer Street,Amga,TX,75090,15
430,Cristabel,Hamshere,chamsherebx@samsung.com,F,304-360-3008,320 Grayhawk Street,Junzhuang,MS,39667,24
431,Sasha,Poyner,spoynerby@slideshare.net,F,616-362-3732,81 Michigan Hill,Hagondange,MO,63017,0
432,Darb,Jimmison,djimmisonbz@friendfeed.com,M,304-804-9989,1173 Pawling Circle,Ganquan,NE,68845,8
433,Dulcinea,Cunningham,dcunninghamc0@ezinearticles.com,F,423-937-2567,65359 Hanover Court,Mlowo,CA,90033,23
434,Josefa,Gurry,jgurryc1@wiley.com,F,818-631-3138,39853 Garrison Drive,Yelan’-Kolenovskiy,FL,32901,22
435,Saundra,Moorcraft,smoorcraftc2@spiegel.de,M,720-663-8830,87264 Hazelcrest Pass,Sarakhs,OH,45690,1
436,Jeromy,Nockolds,jnockoldsc3@dagondesign.com,M,954-200-0464,0175 Canary Circle,Vereya,OK,74820,1
437,Jeremias,Kleinstein,jkleinsteinc4@sakura.ne.jp,M,309-882-3413,52699 Shasta Avenue,Sharīfābād,GU,96929,0
438,Noelle,Crowne,ncrownec5@live.com,F,402-524-6988,82 6th Place,Archángelos,AR,71635,10
439,Hertha,Armit,harmitc6@slashdot.org,F,713-427-8654,99 Ronald Regan Plaza,Kashiwa,IN,47150,5
440,Auria,Pickover,apickoverc7@buzzfeed.com,F,919-172-5336,6765 Boyd Center,Acul du Nord,NV,89102,24
441,Yvon,Eke,yekec8@networkadvertising.org,M,213-582-5373,2979 2nd Court,Dulles,MA,1701,1
442,Antonino,Beininck,abeininckc9@g.co,M,937-675-0470,2714 Daystar Parkway,Străşeni,KS,66725,14
443,Muffin,Whipple,mwhippleca@walmart.com,M,515-643-9432,09835 Main Pass,San Casimiro,PA,19464,20
444,Janka,Potter,jpottercb@shareasale.com,F,937-483-4976,97 School Court,Jatobá,OH,45123,6
445,Reinaldo,Mohring,rmohringcc@wired.com,M,716-833-9208,9314 Commercial Terrace,Bakaran Kulon,GA,30742,17
446,Rakel,Nanuccioi,rnanuccioicd@marketwatch.com,F,361-918-3871,0 Sage Place,Ituberá,IL,61354,6
447,Dolli,Readman,dreadmance@mozilla.org,F,682-200-3446,753 Stuart Road,Vlorë,TX,76837,9
448,Bent,McBain,bmcbaincf@livejournal.com,M,651-260-6841,103 Carioca Park,Mizusawa,FL,32570,17
449,Craig,Inett,cinettcg@myspace.com,M,907-582-6824,94 Grasskamp Road,Paingar,MD,21014,1
450,Kylie,Phillcock,kphillcockch@linkedin.com,F,814-370-8760,710 Ilene Pass,Opechenskiy Posad,CA,92663,22
451,Darb,Pesterfield,dpesterfieldci@dot.gov,M,602-244-5772,96 Hoffman Park,Ordóñez,IA,50501,25
452,Susie,Shimwell,sshimwellcj@taobao.com,F,979-314-0737,182 Sauthoff Circle,Ordzhonikidze,WA,98362,12
453,Bobette,Suddaby,bsuddabyck@senate.gov,F,917-735-8937,87 Eagle Crest Lane,Jepat Kidul,TX,75063,20
454,Kaja,Gellion,kgellioncl@google.com,F,248-139-2387,939 Almo Street,Kerkrade,OH,43016,3
455,Dorolice,Pavlishchev,dpavlishchevcm@si.edu,F,347-830-4427,19352 Hermina Terrace,Jinglou,OH,44501,3
456,Bessie,Gadeaux,bgadeauxcn@npr.org,F,512-686-6538,472 Sutherland Terrace,Vila Nova,MN,56164,23
457,Lanny,MacDougal,lmacdougalco@google.ru,F,847-461-5351,81 Pond Crossing,Yanling,FL,33407,12
458,Mead,Ruttgers,mruttgerscp@seesaa.net,M,806-615-4543,501 Havey Trail,Nanyanchuan,MT,59858,21
459,Sibley,Turton,sturtoncq@virginia.edu,F,269-311-7021,932 Grim Court,Guofu,CA,92801,3
460,Harp,Piscopello,hpiscopellocr@pinterest.com,M,971-415-9995,076 Melody Place,Udënisht,NC,28117,15
461,Ken,Kleinplatz,kkleinplatzcs@scientificamerican.com,M,617-855-3673,89363 Basil Pass,Gudermes,WI,54456,21
462,Jeniece,Joskowicz,jjoskowiczct@eepurl.com,F,636-473-6654,28 Thierer Circle,Dongjiang Matoukou,IL,60134,14
463,Roderic,Andrea,randreacu@altervista.org,M,203-106-3913,537 Becker Junction,Thị Trấn Yên Thế,CA,92708,11
464,Micki,McAvinchey,mmcavincheycv@hud.gov,F,801-548-4236,53590 Shasta Pass,Apucarana,TN,37096,8
465,Chariot,Turfin,cturfincw@macromedia.com,M,971-804-0268,58166 Longview Plaza,Morteros,FL,33180,2
466,Shae,Slyde,sslydecx@cnn.com,M,209-936-0927,25589 Lerdahl Hill,San Miguel,SD,57274,18
467,Dallas,Glennon,dglennoncy@yandex.ru,M,202-415-7752,13514 Sugar Court,Lelydorp,WI,54935,4
468,Jolee,Domino,jdominocz@bbb.org,F,775-861-6995,9 Atwood Terrace,Gubkinskiy,NC,28086,1
469,Keane,Fishbourn,kfishbournd0@over-blog.com,M,504-637-7406,94392 Manufacturers Junction,Lianhua,VA,22191,4
470,Tod,Mouton,tmoutond1@oakley.com,M,602-790-9121,1857 Manitowish Street,Dodu Dua,OK,74401,10
471,Amabel,Cudihy,acudihyd2@abc.net.au,F,515-987-6598,54 Thompson Parkway,Varberg,AR,72632,15
472,Catha,Clayhill,cclayhilld3@jalbum.net,F,917-899-3449,4712 Ridgeview Pass,Tyazhinskiy,IA,50025,11
473,Burty,Prazor,bprazord4@imageshack.us,M,817-910-0365,79741 Nevada Street,Sukasada,SC,29150,17
474,Derward,Kenneford,dkennefordd5@earthlink.net,M,901-378-4276,78 Fairfield Park,Tuntum,OR,97420,7
475,Vonnie,Garlic,vgarlicd6@github.io,F,937-925-2568,96482 Holmberg Road,New Shagunnu,CA,91763,16
476,Giacopo,Margrem,gmargremd7@stumbleupon.com,M,423-298-7566,16124 Nevada Road,Tembau,IA,51201,5
477,Xaviera,Duck,xduckd8@cbc.ca,F,212-649-0718,2 Eagan Plaza,Xinzhou,NJ,7601,12
478,Bartie,Mulliner,bmullinerd9@smh.com.au,M,402-771-7772,1 Drewry Terrace,Vrbno pod Pradědem,MO,64085,2
479,Barney,Abbe,babbeda@unblog.fr,M,212-672-1630,73 Cascade Pass,Shimiaozi,NM,88011,13
480,Miguel,Thornthwaite,mthornthwaitedb@weebly.com,M,253-386-8469,469 Melvin Avenue,Cuogang,PA,19107,15
481,Syd,Perceval,spercevaldc@blinklist.com,M,602-954-1168,85453 Gale Way,Dongxin,CA,91406,10
482,Yolanda,O'Gormally,yogormallydd@sakura.ne.jp,F,253-385-3809,62 Golf Course Avenue,Cúa,MN,55102,0
483,Otis,Formie,oformiede@shutterfly.com,M,231-589-3537,5 Dunning Road,Were,KY,40965,13
484,Dorie,Angerstein,dangersteindf@bbb.org,M,203-710-5464,9 Hooker Trail,Dongdu,NY,10591,20
485,Orel,O'Skehan,ooskehandg@google.com.hk,F,515-660-0748,5 Raven Lane,Hohoe,AZ,85202,24
486,Clair,Sayse,csaysedh@liveinternet.ru,M,202-794-3899,08 Mcbride Center,Qingchuan,WV,24801,1
487,Jourdain,Stubbert,jstubbertdi@shareasale.com,M,520-569-2927,0325 Melody Circle,Cayambe,UT,84337,4
488,Kaylee,Stenet,kstenetdj@ted.com,F,517-816-6673,37478 Spaight Drive,Dinititi,NE,68661,11
489,Mufinella,Casham,mcashamdk@1und1.de,F,323-321-1669,3 Kedzie Circle,Kangani,WI,53143,25
490,Boot,Strong,bstrongdl@ning.com,M,407-471-5786,28 Straubel Crossing,Lyon,FL,34285,11
491,Berri,Wegenen,bwegenendm@sitemeter.com,F,952-378-5253,7 Weeping Birch Lane,Awjilah,WY,82431,20
492,Emlen,Hembrow,ehembrowdn@odnoklassniki.ru,M,573-557-3595,8 Prairie Rose Parkway,Lanot,CA,90509,22
493,Andros,Enser,aenserdo@geocities.com,M,203-626-9844,26 Arkansas Alley,Karmaskaly,GU,96913,17
494,Rorke,Deeley,rdeeleydp@craigslist.org,M,217-955-4300,87391 Grayhawk Alley,Guji,NC,28374,18
495,Haskell,Edmondson,hedmondsondq@fda.gov,M,202-610-7885,988 Red Cloud Trail,Soraya,SD,57105,14
496,Hollyanne,Perez,hperezdr@census.gov,F,513-653-1924,9643 Heffernan Avenue,Al Balyanā,IL,61354,22
497,Tera,Featherstonhaugh,tfeatherstonhaughds@mozilla.com,F,202-951-9118,1972 Warbler Center,Ismailia,NV,89502,10
498,Tybalt,Baselio,tbaseliodt@omniture.com,M,904-312-6386,058 Scott Road,Tieremu,MO,64601,15
499,Arte,Rumens,arumensdu@examiner.com,M,702-639-1493,150 1st Crossing,Al Ghayl,WV,26147,20
500,Forrester,Strangman,fstrangmandv@cnn.com,M,813-816-0711,79781 Transport Hill,Jaquimeyes,UT,84741,5
