id,first_name,last_name,email,gender,phone_number,street,state,zip_code,insurance_id
1,Eva,Trotman,etrotman0@php.net,Female,716-919-0851,00 Spaight Plaza,New York,14263,9
2,Modesta,Keets,mkeets1@ibm.com,Female,321-802-5010,47827 Birchwood Place,Florida,32825,121
3,Dewie,De Dei,ddedei2@gnu.org,Male,775-101-1334,38089 Barby Court,Nevada,89595,44
4,Floyd,Maestro,fmaestro3@parallels.com,Male,239-102-5652,529 Gina Alley,Florida,34114,75
5,Amelie,Paylie,apaylie4@google.ru,Female,301-413-5777,36 Lunder Hill,Maryland,20784,207
6,Web,Mott,wmott5@php.net,Male,757-945-2855,31117 Sachs Trail,Virginia,23612,137
7,Cornela,Cianni,ccianni6@buzzfeed.com,Female,214-578-8554,74776 Eggendart Circle,Texas,75226,133
8,Annamarie,Jeves,ajeves7@google.com.au,Female,972-974-2009,4 Paget Terrace,Texas,75231,149
9,Rafaelia,Kirkup,rkirkup8@webs.com,Female,706-250-3342,9 Goodland Way,Georgia,30911,158
10,Thaddus,Pearcy,tpearcy9@ameblo.jp,Male,412-927-0715,96199 Lindbergh Avenue,Pennsylvania,15250,53
11,Richard,Saberton,rsabertona@bravesites.com,Male,512-289-5211,814 Almo Street,Texas,78749,41
12,Edmon,Yankov,eyankovb@ebay.co.uk,Male,202-340-6437,2 Dottie Hill,District of Columbia,20508,95
13,Barbara-anne,Dondon,bdondonc@engadget.com,Female,765-423-8072,38 Prentice Park,Indiana,47306,80
14,Christy,Marcoolyn,cmarcoolynd@boston.com,Male,419-753-1062,5655 Swallow Trail,Ohio,43615,196
15,Daniel,Glaze,dglazee@hostgator.com,Male,937-455-4709,8047 Pleasure Crossing,Ohio,45505,136
16,Brewer,Ebbitt,bebbittf@deliciousdays.com,Male,713-478-1834,38 Holy Cross Street,Texas,77271,218
17,Coleen,Frogley,cfrogleyg@house.gov,Female,361-653-3398,72788 Eliot Avenue,Texas,78475,7
18,Jakob,Wallbutton,jwallbuttonh@godaddy.com,Male,410-418-2868,24 Merchant Junction,Maryland,21203,178
19,Rik,Pike,rpikei@disqus.com,Male,805-778-3124,659 Crescent Oaks Plaza,California,93311,4
20,Jessamine,Eynald,jeynaldj@barnesandnoble.com,Female,408-843-4156,4999 Ridgeway Junction,California,95150,22
21,Koressa,Fearnall,kfearnallk@lulu.com,Female,202-814-7593,9 Tony Avenue,District of Columbia,20580,194
22,Lucky,Walak,lwalakl@hao123.com,Female,713-284-2855,29 Autumn Leaf Court,Texas,77505,140
23,Joleen,Corkell,jcorkellm@meetup.com,Female,714-753-9277,0 Continental Alley,California,90040,157
24,Blondie,Lapslie,blapslien@psu.edu,Female,571-973-4825,5770 5th Crossing,Virginia,22096,190
25,Rhetta,Brunsdon,rbrunsdono@pcworld.com,Female,404-255-9517,44 Marquette Center,Georgia,30375,219
26,Correna,Corter,ccorterp@elpais.com,Female,865-589-1117,46 Burning Wood Court,Tennessee,37914,3
27,Ardyth,Starbucke,astarbuckeq@storify.com,Female,727-960-2610,56639 Warner Pass,Florida,33737,56
28,Gino,Edgerley,gedgerleyr@stanford.edu,Male,520-332-4666,847 Ryan Lane,Arizona,85737,209
29,Essy,Yallop,eyallops@meetup.com,Female,202-304-9881,696 Dexter Point,District of Columbia,20029,78
30,Vyky,Karby,vkarbyt@youtu.be,Female,414-826-0991,8306 Del Mar Trail,Wisconsin,53215,58
31,Amalea,Baroc,abarocu@yahoo.com,Female,505-519-1602,97936 8th Center,New Mexico,87140,152
32,Caddric,Renol,crenolv@youtu.be,Male,719-513-3477,327 Lotheville Way,Colorado,80910,0
33,Xenia,Cottem,xcottemw@example.com,Female,915-630-4763,01270 Union Avenue,Texas,79940,104
34,Thaddeus,Woolfitt,twoolfittx@ezinearticles.com,Male,717-675-6993,1852 Michigan Alley,Pennsylvania,17110,178
35,Guilbert,Adacot,gadacoty@cnet.com,Male,509-593-5830,29 Southridge Alley,Washington,98907,50
36,Sven,Mate,smatez@oracle.com,Male,505-978-9467,38188 Sloan Hill,New Mexico,87105,86
37,Cole,Terrill,cterrill10@ustream.tv,Male,763-239-6552,14 Lakewood Court,Minnesota,55598,27
38,Herrick,Tibbs,htibbs11@fotki.com,Male,530-592-0909,234 Clyde Gallagher Drive,California,95973,137
39,Lottie,Draycott,ldraycott12@flavors.me,Female,208-768-9477,225 Surrey Terrace,Oregon,97211,135
40,Andres,Laing,alaing13@unicef.org,Male,419-260-1587,3745 Beilfuss Way,Ohio,43666,100
41,Riane,Weiner,rweiner14@examiner.com,Female,215-772-8482,1889 Lakewood Gardens Lane,Pennsylvania,19184,156
42,Consuelo,Rawcliffe,crawcliffe15@timesonline.co.uk,Female,515-121-4654,3 Buell Parkway,Iowa,50936,162
43,Traci,Fullicks,tfullicks16@nifty.com,Female,864-421-1813,19068 Oxford Lane,South Carolina,29615,1
44,Saree,Lyptratt,slyptratt17@sohu.com,Female,754-763-0182,699 Kennedy Street,Florida,33320,107
45,Marianna,Blesing,mblesing18@umich.edu,Female,314-533-5045,6297 South Road,Missouri,63126,104
46,Avis,Sommerlie,asommerlie19@state.tx.us,Female,786-939-1833,5 Mariners Cove Trail,Florida,33153,118
47,Alethea,Local,alocal1a@odnoklassniki.ru,Female,202-250-2598,1423 Glacier Hill Circle,District of Columbia,20540,66
48,Therese,Reneke,treneke1b@shop-pro.jp,Female,704-633-3406,7 Red Cloud Trail,North Carolina,28272,12
49,Clark,Roseblade,croseblade1c@google.com,Male,816-584-0986,0179 Comanche Road,Missouri,64130,98
50,Mariska,Colston,mcolston1d@360.cn,Female,503-715-3409,5687 Grim Center,Oregon,97216,198
51,Marlie,Daintree,mdaintree1e@tiny.cc,Female,804-657-8999,077 Bay Street,Virginia,23242,12
52,Demetra,Hobble,dhobble1f@timesonline.co.uk,Female,337-994-2319,341 Arrowood Parkway,Louisiana,70607,53
53,Ezekiel,Casement,ecasement1g@rediff.com,Male,330-177-5856,114 Vidon Circle,Ohio,44760,206
54,Griswold,Rumin,grumin1h@weather.com,Male,202-398-2260,376 Havey Park,District of Columbia,20062,172
55,Ermengarde,Stannion,estannion1i@cloudflare.com,Female,816-315-8362,961 Muir Terrace,Missouri,64149,6
56,Aldridge,Meechan,ameechan1j@weebly.com,Male,513-197-4090,478 Talmadge Park,Ohio,45228,3
57,Carmine,Dubbin,cdubbin1k@reuters.com,Female,518-739-4376,9 Dapin Trail,New York,12232,154
58,Drake,Flay,dflay1l@google.ru,Male,720-727-5477,9501 Armistice Way,Colorado,80299,211
59,Carin,O'Sharry,cosharry1m@bravesites.com,Female,651-100-9144,4 Dixon Hill,Minnesota,55108,76
60,Maje,Vennings,mvennings1n@examiner.com,Male,205-106-4744,878 Victoria Junction,Alabama,35405,41
61,Gretel,Ackenson,gackenson1o@cdbaby.com,Female,530-315-5525,7396 Iowa Crossing,California,95833,59
62,Rich,Purtell,rpurtell1p@goo.ne.jp,Male,785-776-8992,7709 Ridgeway Center,Kansas,66667,92
63,Annemarie,Blamphin,ablamphin1q@timesonline.co.uk,Female,812-803-8478,9270 Porter Street,Indiana,47405,179
64,Alain,Burnes,aburnes1r@stanford.edu,Male,415-183-1392,2 Mariners Cove Trail,California,94913,4
65,Zolly,Castano,zcastano1s@washingtonpost.com,Male,813-902-7156,08 Mosinee Street,Florida,33680,183
66,Emmalynne,Flanders,eflanders1t@t.co,Female,910-678-0546,92156 Hoard Park,North Carolina,28305,91
67,Eyde,Rennison,erennison1u@howstuffworks.com,Female,225-359-2954,5787 Parkside Junction,Louisiana,70836,33
68,Prudy,Kairns,pkairns1v@shop-pro.jp,Female,909-400-3930,532 Marcy Place,California,92415,118
69,Diane-marie,Stebbing,dstebbing1w@youtube.com,Female,505-855-8074,8292 Weeping Birch Court,New Mexico,87505,152
70,Jo-anne,Chipps,jchipps1x@columbia.edu,Female,210-232-9046,37316 Manley Junction,Texas,78240,185
71,Sarina,Vaun,svaun1y@merriam-webster.com,Female,317-497-1432,69 Valley Edge Place,Indiana,46266,139
72,Linoel,Moules,lmoules1z@indiegogo.com,Male,202-842-2470,99836 Stuart Court,District of Columbia,20051,216
73,Frayda,Riccioppo,friccioppo20@cnn.com,Female,571-775-8465,10 Sunfield Terrace,Virginia,22093,209
74,Alika,Pelosi,apelosi21@reuters.com,Female,218-907-6736,00508 Pierstorff Crossing,Minnesota,55811,36
75,Merla,Jandac,mjandac22@irs.gov,Female,817-196-7982,57888 Evergreen Circle,Texas,76129,21
76,Ofella,Bains,obains23@accuweather.com,Female,505-648-6351,33 Eagle Crest Hill,New Mexico,87140,2
77,Lida,Mosconi,lmosconi24@geocities.jp,Female,512-700-0532,84 Sachtjen Center,Texas,78783,172
78,Dacy,Peascod,dpeascod25@home.pl,Female,407-349-1992,69098 Blaine Plaza,Florida,32813,189
79,Renee,Siebart,rsiebart26@nhs.uk,Female,316-179-5072,12 Veith Plaza,Kansas,67236,31
80,Alissa,Kinnar,akinnar27@princeton.edu,Female,601-542-0024,5784 Weeping Birch Avenue,Mississippi,39404,101
81,Zacharie,Pipet,zpipet28@oracle.com,Male,979-450-8009,92 Anhalt Plaza,Texas,77844,165
82,Vance,Snowsill,vsnowsill29@wired.com,Male,309-923-1931,22 Continental Point,Illinois,61635,146
83,Alexandros,Braunds,abraunds2a@patch.com,Male,661-695-4979,67 Artisan Trail,California,93386,135
84,Carlita,Ternault,cternault2b@barnesandnoble.com,Female,512-552-4977,90098 Gulseth Hill,Texas,78710,8
85,Fabe,Seddon,fseddon2c@princeton.edu,Male,803-901-3386,86 Petterle Center,South Carolina,29203,114
86,Tyrone,Seegar,tseegar2d@is.gd,Male,415-298-5644,08280 Rusk Trail,California,94126,114
87,Marlin,Comley,mcomley2e@amazon.com,Male,915-400-5280,3178 Muir Park,Texas,79968,190
88,Delly,Wannop,dwannop2f@hhs.gov,Female,918-350-3751,63259 Shelley Park,Oklahoma,74108,52
89,Kip,Denial,kdenial2g@samsung.com,Male,251-485-7348,17996 Comanche Plaza,Alabama,36622,121
90,Knox,Broke,kbroke2h@arstechnica.com,Male,541-531-9723,4 East Point,Oregon,97405,165
91,Amargo,Ferronier,aferronier2i@netlog.com,Female,212-361-6868,80 Barby Avenue,New York,10170,132
92,Aksel,Fenton,afenton2j@nymag.com,Male,915-140-7185,34828 Shelley Alley,Texas,88569,94
93,Cirilo,Zealey,czealey2k@godaddy.com,Male,704-902-6419,91868 Fairview Pass,North Carolina,28242,154
94,Imelda,Canas,icanas2l@house.gov,Female,214-793-9311,2 Elka Alley,Texas,75387,187
95,Lacie,Dorkins,ldorkins2m@istockphoto.com,Female,858-369-8946,41409 Westerfield Avenue,California,92145,12
96,King,Bras,kbras2n@hostgator.com,Male,813-710-4723,5938 Boyd Drive,Florida,33605,19
97,Aurelie,Perri,aperri2o@vkontakte.ru,Female,214-933-4060,8409 Crowley Center,Texas,75277,80
98,Cassie,Antat,cantat2p@delicious.com,Male,615-567-1520,286 Thackeray Hill,Tennessee,37245,185
99,Meade,Paoloni,mpaoloni2q@bloomberg.com,Male,305-254-3441,25392 Dixon Pass,Florida,33261,73
100,Daren,Will,dwill2r@pcworld.com,Male,718-385-9536,089 Riverside Park,New York,11205,110
101,Honey,Tivolier,htivolier2s@sourceforge.net,Female,859-950-1772,0438 Arrowood Center,Kentucky,40524,7
102,Mathew,Jochanany,mjochanany2t@about.me,Male,702-115-0017,2241 Morrow Parkway,Nevada,89178,14
103,Emlyn,Gaudon,egaudon2u@usda.gov,Male,701-489-1943,901 Golf Course Junction,North Dakota,58207,60
104,Peyton,Pittendreigh,ppittendreigh2v@nih.gov,Male,651-194-3681,678 Steensland Avenue,Minnesota,55172,94
105,Marty,Fruser,mfruser2w@examiner.com,Male,352-191-5019,0093 Stephen Crossing,Florida,32605,45
106,Welsh,Issacson,wissacson2x@google.com,Male,212-750-7087,163 Tennyson Avenue,New York,10034,116
107,Shepperd,Schieferstein,sschieferstein2y@trellian.com,Male,312-845-2378,41 Morningstar Drive,Illinois,60646,26
108,Margie,Riccetti,mriccetti2z@is.gd,Female,202-782-8420,688 Northview Place,District of Columbia,20535,52
109,Dominik,Ells,dells30@furl.net,Male,305-400-5422,7229 West Point,Florida,33034,129
110,Crystie,Freear,cfreear31@loc.gov,Female,813-346-9920,33476 Maryland Terrace,Florida,33543,29
111,Micky,Whitemarsh,mwhitemarsh32@vistaprint.com,Female,212-920-1263,687 Hanson Alley,New York,10184,16
112,Kellsie,Hayer,khayer33@yandex.ru,Female,772-442-2226,5 Fairfield Point,Florida,32964,24
113,Gus,Cowen,gcowen34@devhub.com,Female,915-455-1894,98916 Garrison Terrace,Texas,88569,215
114,Evyn,Lycett,elycett35@wufoo.com,Male,517-558-8371,334 Westport Plaza,Michigan,49048,94
115,Muire,Craigmile,mcraigmile36@yandex.ru,Female,857-270-7683,5 Oneill Parkway,Massachusetts,2458,65
116,Kris,Halse,khalse37@hao123.com,Male,469-770-0410,36 Mockingbird Point,Texas,75246,152
117,Alfreda,McLafferty,amclafferty38@japanpost.jp,Female,217-986-0541,6 Ronald Regan Point,Illinois,62794,51
118,Maryjo,Ridgway,mridgway39@businessinsider.com,Female,434-791-1441,8 Dottie Crossing,Virginia,24515,45
119,Rich,Dunwoody,rdunwoody3a@imgur.com,Male,415-949-0093,8757 Reinke Place,California,94159,116
120,Wain,Jellis,wjellis3b@google.de,Male,941-389-4575,95484 Buena Vista Crossing,Florida,34233,144
121,Nina,Crookston,ncrookston3c@utexas.edu,Female,202-225-3681,27043 Cascade Place,District of Columbia,20520,197
122,Tessa,MacTerlagh,tmacterlagh3d@go.com,Female,408-677-1414,73613 Goodland Street,California,95133,120
123,Lorilee,Fozzard,lfozzard3e@trellian.com,Female,412-327-2996,66041 Warbler Parkway,Pennsylvania,15225,97
124,Reginald,Radley,rradley3f@imdb.com,Male,561-516-5707,8422 American Ash Drive,Florida,33499,12
125,Jacob,Lapham,jlapham3g@zimbio.com,Male,508-568-4913,0 Blue Bill Park Place,Massachusetts,1654,53
126,Holly,Georgeon,hgeorgeon3h@sciencedaily.com,Female,316-637-4088,02 Sachtjen Parkway,Kansas,67220,179
127,Chrystel,Hampstead,champstead3i@webeden.co.uk,Female,585-526-1945,447 Bay Terrace,New York,14652,106
128,Karoline,Backen,kbacken3j@blogs.com,Female,406-964-7495,098 Muir Crossing,Montana,59105,37
129,Kristin,Koppes,kkoppes3k@amazon.com,Female,754-438-7632,53 Shoshone Point,Florida,33320,133
130,Yule,Tregonna,ytregonna3l@barnesandnoble.com,Male,414-730-3678,7589 Michigan Crossing,Wisconsin,53263,111
131,Henrik,Southcott,hsouthcott3m@bbc.co.uk,Male,214-231-0813,518 Bayside Lane,Texas,75231,59
132,Boyce,Rohloff,brohloff3n@creativecommons.org,Male,412-740-7235,68 Paget Alley,Pennsylvania,15134,154
133,Randolf,Maxted,rmaxted3o@cafepress.com,Male,714-535-6069,1 Forest Place,California,92844,186
134,Dodi,Davis,ddavis3p@csmonitor.com,Female,408-158-5817,6 Katie Parkway,California,95150,108
135,Land,Horwell,lhorwell3q@bigcartel.com,Male,310-395-8948,448 Vernon Crossing,California,90505,217
136,Bidget,Janssens,bjanssens3r@ehow.com,Female,812-103-4646,29 Thierer Trail,Indiana,47812,12
137,Yoshi,Outlaw,youtlaw3s@irs.gov,Female,505-834-0701,4354 South Drive,New Mexico,87180,215
138,Robinson,Danielsohn,rdanielsohn3t@ihg.com,Male,501-697-4131,3 Pankratz Plaza,Arkansas,72204,91
139,Alysa,Posselwhite,aposselwhite3u@list-manage.com,Female,408-386-8294,51 Ryan Place,California,95138,209
140,Emery,Olyet,eolyet3v@wikispaces.com,Male,325-970-5609,1734 Dryden Avenue,Texas,76905,9
141,Arnold,Trumpeter,atrumpeter3w@blinklist.com,Male,830-302-1663,2 Arkansas Street,Texas,78255,50
142,Twyla,Glazier,tglazier3x@deliciousdays.com,Female,432-174-1788,62412 Northview Point,Texas,79710,159
143,Cinderella,Jeromson,cjeromson3y@un.org,Female,816-932-1763,7 Esch Trail,Missouri,64109,118
144,Ezechiel,McCaffrey,emccaffrey3z@nba.com,Male,772-900-7852,35 Sunfield Hill,Florida,34981,184
145,Sonnie,Jeans,sjeans40@omniture.com,Male,915-625-0106,0 North Drive,Texas,88574,177
146,Brittani,Klimentyonok,bklimentyonok41@storify.com,Female,248-858-1208,2176 Alpine Hill,Michigan,48335,3
147,Barris,Tripon,btripon42@joomla.org,Male,713-779-0102,5 Melvin Junction,Texas,77346,21
148,Esther,Hanscome,ehanscome43@sohu.com,Female,330-989-9141,21786 Cody Road,Ohio,44705,54
149,Quintin,Kenrat,qkenrat44@youtube.com,Male,917-623-9195,1 4th Junction,New York,10459,17
150,Gale,Dilleway,gdilleway45@independent.co.uk,Male,417-907-5362,038 Bunker Hill Plaza,Missouri,65810,15
151,Riobard,Kingzeth,rkingzeth46@ftc.gov,Male,405-612-4092,33023 Mccormick Avenue,Oklahoma,73167,168
152,Chaim,Danels,cdanels47@wordpress.org,Male,626-567-0483,718 Derek Plaza,California,91186,155
153,Essa,Barbery,ebarbery48@tripadvisor.com,Female,210-778-3416,3714 Warner Parkway,Texas,78225,184
154,Georas,Pridgeon,gpridgeon49@mayoclinic.com,Male,614-563-7025,13367 Sage Junction,Ohio,43204,136
155,Leonardo,Korbmaker,lkorbmaker4a@cbslocal.com,Male,814-265-2182,34 Dryden Junction,Pennsylvania,16534,159
156,Dorette,Chennells,dchennells4b@bandcamp.com,Female,859-667-4477,61 Cottonwood Center,Kentucky,40515,169
157,Kial,Lorenzin,klorenzin4c@goo.gl,Female,484-583-3210,0 Dexter Center,Pennsylvania,19495,193
158,Domenic,Millions,dmillions4d@ehow.com,Male,816-147-4535,40 Toban Hill,Missouri,64109,180
159,Siegfried,Gunthorp,sgunthorp4e@loc.gov,Male,201-431-6659,209 Hollow Ridge Center,New Jersey,7310,199
160,Haywood,Braunlein,hbraunlein4f@icio.us,Male,610-508-4069,26117 Butterfield Parkway,Pennsylvania,19120,118
161,Margaux,MacKey,mmackey4g@bigcartel.com,Female,212-396-7245,06 Golf Court,New York,10034,79
162,Raynor,Chopping,rchopping4h@wunderground.com,Male,785-207-7552,480 Coleman Circle,Kansas,66622,76
163,Nap,Mallia,nmallia4i@delicious.com,Male,205-811-4633,188 Butterfield Court,Alabama,35215,148
164,Goraud,Tole,gtole4j@goo.ne.jp,Male,714-785-7671,39727 3rd Road,California,92862,71
165,Dacie,Donhardt,ddonhardt4k@aboutads.info,Female,202-345-4425,2 Donald Court,District of Columbia,20557,200
166,Claudia,Pottberry,cpottberry4l@japanpost.jp,Female,772-383-2970,4 Luster Pass,Florida,34949,172
167,Farleigh,Radenhurst,fradenhurst4m@jiathis.com,Male,803-396-5984,52172 Washington Drive,South Carolina,29225,82
168,Petra,Mateo,pmateo4n@cbslocal.com,Female,706-870-4718,3335 Lukken Drive,Georgia,30905,167
169,Irvine,Clemensen,iclemensen4o@wunderground.com,Male,862-136-3005,5096 Memorial Street,New Jersey,7544,114
170,Lucilia,Trulock,ltrulock4p@yandex.ru,Female,603-721-1868,029 Bluestem Way,New Hampshire,3105,191
171,Margaretha,Cragell,mcragell4q@mashable.com,Female,206-728-1088,8783 Moose Street,Washington,98158,107
172,Carlin,Armstrong,carmstrong4r@toplist.cz,Female,571-572-9839,539 Schiller Plaza,Virginia,22217,159
173,Ashley,Fulmen,afulmen4s@aol.com,Female,208-737-2767,0 Arizona Court,Idaho,83705,21
174,Paulina,Wharrier,pwharrier4t@google.cn,Female,773-903-4604,9 Hudson Point,Illinois,60636,36
175,Betsey,Chomiszewski,bchomiszewski4u@va.gov,Female,540-313-0363,9 Lindbergh Crossing,Virginia,24029,62
176,Mano,Milborn,mmilborn4v@dion.ne.jp,Male,614-322-1309,401 Merrick Avenue,Ohio,43231,203
177,Barnabas,Linge,blinge4w@nydailynews.com,Male,314-176-1753,6131 Armistice Way,Missouri,63110,125
178,Xenia,Mulcock,xmulcock4x@shinystat.com,Female,507-149-4865,10027 Nobel Hill,Minnesota,55905,144
179,Sergio,McCrohon,smccrohon4y@themeforest.net,Male,214-194-2680,73792 Schurz Avenue,Texas,75342,106
180,Neron,Wookey,nwookey4z@opensource.org,Male,713-479-0382,2760 Grasskamp Junction,Texas,77299,90
181,Elisabet,Hurley,ehurley50@friendfeed.com,Female,419-129-2365,426 Oak Valley Alley,Ohio,43699,148
182,Sandy,Billett,sbillett51@whitehouse.gov,Female,513-480-4394,652 Graedel Park,Ohio,45296,168
183,Romy,Seemmonds,rseemmonds52@admin.ch,Female,785-704-0720,3 Mockingbird Point,Kansas,66629,28
184,Tova,Cridlon,tcridlon53@statcounter.com,Female,843-944-9592,8 Doe Crossing Court,South Carolina,29905,152
185,Margarette,Surmeyer,msurmeyer54@nsw.gov.au,Female,417-446-2031,87 Morningstar Road,Missouri,65810,184
186,Blake,Ferryman,bferryman55@domainmarket.com,Female,314-529-3202,67 Cambridge Center,Missouri,63167,11
187,Haskel,Pestor,hpestor56@businesswire.com,Male,435-816-9283,9 Tennyson Park,Utah,84105,118
188,Ethelred,Stirgess,estirgess57@salon.com,Male,915-123-3197,1 Evergreen Alley,Texas,79928,186
189,Constance,Woolens,cwoolens58@marketwatch.com,Female,504-541-5770,377 Oriole Alley,Louisiana,70005,180
190,Delly,Ismead,dismead59@joomla.org,Female,904-105-5948,26203 Jenna Road,Florida,32277,162
191,Pollyanna,Mattisson,pmattisson5a@newyorker.com,Female,571-624-6804,4 Gerald Place,Virginia,22225,202
192,Gabbie,O'Scanlon,goscanlon5b@stanford.edu,Female,916-988-2898,8 Manufacturers Pass,California,95823,179
193,Andrew,Gerkens,agerkens5c@github.io,Male,915-229-2092,6727 Bluejay Trail,Texas,88530,164
194,Margie,Lortz,mlortz5d@t.co,Female,208-416-1336,169 Pleasure Pass,Oregon,97211,27
195,Anni,Critoph,acritoph5e@yale.edu,Female,602-888-1458,0 Saint Paul Place,Arizona,85005,83
196,Catriona,Enochsson,cenochsson5f@hibu.com,Female,214-804-5877,709 Eggendart Pass,Texas,75037,8
197,Cesaro,Paske,cpaske5g@odnoklassniki.ru,Male,917-536-4963,5532 Laurel Avenue,New York,11231,204
198,Abdul,Guarin,aguarin5h@linkedin.com,Male,972-134-2021,6076 Heffernan Street,Texas,75236,125
199,Marla,Konerding,mkonerding5i@seesaa.net,Female,502-894-3453,2 Spohn Terrace,Kentucky,40215,19
200,Martie,Pawels,mpawels5j@unicef.org,Male,608-828-6642,11 Homewood Trail,Wisconsin,53726,40
201,Alfreda,Castagnone,acastagnone5k@yale.edu,Female,918-553-7780,6226 Thompson Alley,Oklahoma,74126,196
202,Andrus,Fawloe,afawloe5l@ucsd.edu,Male,912-435-5740,0 Scofield Street,Georgia,31416,79
203,Layla,Lydiatt,llydiatt5m@mayoclinic.com,Female,770-482-4414,211 Kingsford Point,Georgia,30311,216
204,Bradney,Ciraldo,bciraldo5n@e-recht24.de,Male,202-853-2259,0868 Eastlawn Park,District of Columbia,20226,10
205,Ludovika,Flowerden,lflowerden5o@163.com,Female,619-518-0094,03 Charing Cross Terrace,California,92153,48
206,Ruprecht,Donan,rdonan5p@eepurl.com,Male,909-881-3039,5 Service Way,California,92424,198
207,Teirtza,Cinelli,tcinelli5q@mozilla.org,Female,412-312-1063,2 Northfield Trail,Pennsylvania,15261,149
208,Carolyne,Bragg,cbragg5r@zimbio.com,Female,501-332-0084,52828 Grayhawk Alley,Arkansas,72199,159
209,Konstantin,Littlefair,klittlefair5s@fc2.com,Male,979-682-6212,30 Shopko Park,Texas,77806,217
210,Isahella,Frankiewicz,ifrankiewicz5t@google.it,Female,704-238-2947,310 Monica Pass,North Carolina,28289,108
211,Ferris,Pearmine,fpearmine5u@slideshare.net,Male,202-337-1949,02 Dryden Plaza,District of Columbia,20022,183
212,Ina,Petschelt,ipetschelt5v@shop-pro.jp,Female,719-113-4140,6 East Alley,Colorado,80945,50
213,Luelle,Auletta,lauletta5w@apple.com,Female,203-198-3381,0394 Michigan Drive,Connecticut,6510,125
214,Glory,Shewsmith,gshewsmith5x@de.vu,Female,361-993-6464,87 Fisk Avenue,Texas,78744,188
215,Roz,Saurin,rsaurin5y@geocities.com,Female,404-310-7078,61 Johnson Place,Georgia,31190,40
216,Crystie,Schoenrock,cschoenrock5z@dedecms.com,Female,334-270-2906,9 Spenser Court,Alabama,36195,135
217,Philippa,Lally,plally60@reuters.com,Female,215-237-2056,660 Marcy Terrace,Pennsylvania,19160,180
218,Kerrin,Stead,kstead61@myspace.com,Female,727-617-5337,7576 Derek Hill,Florida,33737,134
219,Keenan,Troppmann,ktroppmann62@sogou.com,Male,813-908-3473,887 Moland Junction,Florida,33620,36
220,Nikita,Crolla,ncrolla63@reuters.com,Male,339-516-2492,49543 Anniversary Pass,Massachusetts,1813,92
221,Mannie,Gentsch,mgentsch64@un.org,Male,619-151-1539,94 Morrow Lane,California,92160,29
222,Abbe,Olivetta,aolivetta65@pbs.org,Female,305-863-5576,027 Carpenter Way,Florida,33175,68
223,Zebulen,Cookson,zcookson66@wp.com,Male,217-384-5351,619 Maryland Trail,Illinois,62711,133
224,Emalia,Bakster,ebakster67@wikipedia.org,Female,713-163-4108,491 Golf Course Street,Texas,77035,93
225,Austina,Casado,acasado68@last.fm,Female,603-652-5574,9537 Ryan Drive,New Hampshire,3105,71
226,Terza,Rhucroft,trhucroft69@storify.com,Female,240-705-2827,26769 Elka Avenue,Maryland,20910,41
227,Enrico,McComiskie,emccomiskie6a@va.gov,Male,718-992-8975,76116 Dawn Parkway,New York,10474,57
228,Aksel,Pobjay,apobjay6b@uiuc.edu,Male,312-362-9688,387 Reindahl Hill,Illinois,60624,64
229,Tye,Grint,tgrint6c@google.com.hk,Male,256-718-0238,8 Holy Cross Circle,Alabama,35905,40
230,Maudie,Scrivin,mscrivin6d@time.com,Female,703-885-5295,0 8th Street,Virginia,22301,215
231,Goldi,Geraghty,ggeraghty6e@tinypic.com,Female,507-675-4033,841 Shoshone Hill,Minnesota,55905,131
232,Adolphus,Spinks,aspinks6f@altervista.org,Male,817-497-7525,70678 Fair Oaks Drive,Texas,76115,45
233,Bernetta,Lampert,blampert6g@gizmodo.com,Female,212-157-9423,96626 Hovde Hill,New York,10150,142
234,Henry,Coade,hcoade6h@imgur.com,Male,414-339-9032,8 Hooker Parkway,Wisconsin,53285,150
235,Virgilio,Minchella,vminchella6i@yelp.com,Male,859-272-7763,35203 Maryland Center,Kentucky,40596,156
236,Nickolaus,Boas,nboas6j@ucsd.edu,Male,315-166-5628,446 Fisk Place,New York,14614,194
237,Tilly,Dermot,tdermot6k@pagesperso-orange.fr,Female,937-391-0655,00 Spenser Plaza,Ohio,45408,48
238,Lalo,Annice,lannice6l@ca.gov,Male,650-198-2137,712 Sachs Circle,California,94302,200
239,Lazare,Deverill,ldeverill6m@arizona.edu,Male,713-816-2541,19716 Waxwing Crossing,Texas,77045,16
240,Tova,Ambrogi,tambrogi6n@noaa.gov,Female,850-279-6956,761 Hanson Lane,Florida,32511,94
241,Marchelle,Greene,mgreene6o@noaa.gov,Female,785-520-9875,47 Canary Circle,Kansas,66629,175
242,Harrietta,Genever,hgenever6p@shinystat.com,Female,585-982-5297,58 Brickson Park Center,New York,14619,129
243,Fiorenze,Kobes,fkobes6q@state.tx.us,Female,818-421-0135,855 Iowa Pass,California,91210,107
244,Calhoun,Heynen,cheynen6r@ihg.com,Male,706-172-0844,70947 Dennis Center,Georgia,31914,77
245,Randene,MacGown,rmacgown6s@creativecommons.org,Female,612-903-0568,99999 Burrows Plaza,Minnesota,55127,105
246,Gregg,Grimme,ggrimme6t@about.com,Male,540-697-6633,4644 Beilfuss Crossing,Virginia,24029,3
247,Kessia,Lago,klago6u@businessinsider.com,Female,813-372-6582,4359 Ridge Oak Park,Florida,33615,89
248,Cinda,Donati,cdonati6v@accuweather.com,Female,205-254-5908,34002 Eggendart Center,Alabama,35225,129
249,Freida,Chitson,fchitson6w@ocn.ne.jp,Female,508-645-8665,6577 Nova Junction,Massachusetts,2162,1
250,Almeta,Lloyds,alloyds6x@fema.gov,Female,626-691-2460,10 Wayridge Court,California,91199,200
251,Stafford,Valentin,svalentin6y@state.gov,Male,816-997-1821,9897 Melvin Circle,Missouri,64101,166
252,Jethro,Somerton,jsomerton6z@sciencedaily.com,Male,720-742-8483,01 Knutson Park,Colorado,80223,34
253,Noelle,Burgisi,nburgisi70@ft.com,Female,803-843-4507,57 Mcguire Lane,South Carolina,29225,29
254,Norris,Greenaway,ngreenaway71@sfgate.com,Male,314-581-7952,116 Prairie Rose Park,Missouri,63110,184
255,Loleta,Betser,lbetser72@samsung.com,Female,941-163-3187,7107 Hermina Plaza,Florida,33954,51
256,Fifi,Orrum,forrum73@hubpages.com,Female,202-879-6377,46 Starling Plaza,District of Columbia,20205,65
257,Adelle,Grewes,agrewes74@furl.net,Female,256-995-2098,7 Kensington Trail,Alabama,35805,81
258,Stanford,Mayell,smayell75@sun.com,Male,713-266-0346,3 Drewry Junction,Texas,77281,162
259,Donaugh,Bertram,dbertram76@live.com,Male,213-585-9867,37776 Susan Drive,California,90055,1
260,Una,Prodrick,uprodrick77@ed.gov,Female,303-669-5955,479 Bashford Junction,Colorado,80310,6
261,Abby,Dulson,adulson78@behance.net,Male,215-817-9571,930 Merry Avenue,Pennsylvania,19160,157
262,Hervey,Arstall,harstall79@nifty.com,Male,212-496-3628,905 Hermina Alley,New York,10249,17
263,Tim,Clelland,tclelland7a@usnews.com,Female,860-874-6909,0416 Sheridan Court,Connecticut,6152,38
264,Tami,Batstone,tbatstone7b@globo.com,Female,502-793-9732,04 Sachs Alley,Kentucky,40280,8
265,Dolly,Muckersie,dmuckersie7c@answers.com,Female,863-813-5929,58 Everett Parkway,Florida,33811,41
266,Lucilia,Huxham,lhuxham7d@4shared.com,Female,757-840-9386,3092 Bashford Circle,Virginia,23454,55
267,Raye,Rebichon,rrebichon7e@soup.io,Female,251-785-9789,4176 Packers Alley,Alabama,36605,201
268,Elset,Hounsom,ehounsom7f@macromedia.com,Female,562-249-5022,16234 Bowman Park,California,90847,52
269,Ebba,Bamblett,ebamblett7g@a8.net,Female,862-266-8702,4648 Barnett Trail,New Jersey,7195,189
270,Halimeda,Walls,hwalls7h@qq.com,Female,214-206-7322,9341 Muir Avenue,Texas,75379,209
271,Mateo,Clover,mclover7i@businesswire.com,Male,717-634-8024,93252 Bunting Hill,Pennsylvania,17140,143
272,Wernher,Paling,wpaling7j@yellowpages.com,Male,424-997-7446,9 Holmberg Street,California,90071,173
273,Herrick,Soar,hsoar7k@free.fr,Male,806-991-1528,50105 Buena Vista Way,Texas,79105,207
274,Leonora,Sackes,lsackes7l@imageshack.us,Female,786-440-1490,01 Troy Parkway,Florida,33124,40
275,Harman,Retallack,hretallack7m@spotify.com,Male,602-381-0662,71 Westend Park,Arizona,85077,96
276,Yevette,Blandamore,yblandamore7n@g.co,Female,702-682-7904,60 Hoepker Avenue,California,93111,195
277,Oliver,Huby,ohuby7o@nytimes.com,Male,608-721-8992,067 Vera Trail,Wisconsin,53726,5
278,Amalita,MacClure,amacclure7p@ftc.gov,Female,312-885-9503,5859 Daystar Place,Illinois,60674,68
279,Wolfgang,Itzik,witzik7q@wordpress.com,Male,281-302-5913,1 Westend Lane,Texas,77505,181
280,Inesita,Ollerenshaw,iollerenshaw7r@latimes.com,Female,609-126-1909,74 Glacier Hill Park,New Jersey,8608,45
281,Alicea,Milnthorpe,amilnthorpe7s@posterous.com,Female,901-126-5182,650 American Ash Parkway,Tennessee,38168,48
282,Bobbie,Ivins,bivins7t@hhs.gov,Female,256-689-0372,233 Mesta Road,Alabama,35815,179
283,Herbert,Dilworth,hdilworth7u@sphinn.com,Male,909-725-9457,04 Mcguire Street,California,91797,181
284,Elias,Benninger,ebenninger7v@over-blog.com,Male,903-252-3118,9251 Onsgard Circle,Texas,75710,63
285,Brod,Croyser,bcroyser7w@wikispaces.com,Male,812-647-4490,2 Lien Lane,Indiana,47705,101
286,Stoddard,Learned,slearned7x@wikipedia.org,Female,330-808-8728,409 Daystar Court,Ohio,44321,145
287,Ashlie,Penhallurick,apenhallurick7y@netvibes.com,Female,601-884-0807,8896 Elgar Terrace,Mississippi,39204,41
288,Kip,Banham,kbanham7z@nps.gov,Female,217-258-4552,4940 Brickson Park Court,Illinois,62711,4
289,Evey,Verrall,everrall80@bbb.org,Female,806-848-3832,09 Bobwhite Point,Texas,79118,190
290,Dacie,Presslie,dpresslie81@yellowbook.com,Female,336-835-7355,48494 Bowman Place,North Carolina,27425,120
291,Joelie,Frantz,jfrantz82@ycombinator.com,Female,619-244-5222,30 Rigney Lane,California,92196,204
292,Pinchas,Hanner,phanner83@reference.com,Male,979-642-4054,1261 Hoepker Circle,Texas,77806,53
293,Cassie,Kender,ckender84@spiegel.de,Male,720-595-1589,0 Bartelt Trail,Colorado,80255,58
294,Caressa,McGuffie,cmcguffie85@discuz.net,Female,208-369-0435,88385 Declaration Court,Idaho,83705,101
295,Tedda,Morforth,tmorforth86@hubpages.com,Female,412-763-3560,4382 Hoffman Street,Pennsylvania,15240,72
296,Katrinka,Grace,kgrace87@usnews.com,Female,425-279-6067,0643 Rieder Point,Washington,98206,50
297,Huntington,Croker,hcroker88@cafepress.com,Male,315-406-5739,63331 American Ash Lane,New York,13505,80
298,Eve,Hulburt,ehulburt89@mayoclinic.com,Female,309-843-2652,508 Grayhawk Parkway,Illinois,60351,159
299,Wiatt,Marquis,wmarquis8a@wordpress.org,Male,612-486-2154,3570 Warrior Lane,Minnesota,55480,182
300,Cornela,Barti,cbarti8b@google.com.br,Female,714-265-9654,2 Artisan Plaza,California,92612,104
301,Merell,Domesday,mdomesday8c@ca.gov,Male,907-548-8984,53 Pearson Terrace,Alaska,99512,132
302,Marijo,Grover,mgrover8d@bloglovin.com,Female,503-913-2107,42 Summerview Pass,Oregon,97206,163
303,Dion,Despenser,ddespenser8e@paypal.com,Female,719-166-9661,35 Nova Center,Colorado,80920,13
304,Jameson,Cabena,jcabena8f@studiopress.com,Male,916-263-4230,0122 Northport Pass,California,94263,29
305,Cilka,Plaschke,cplaschke8g@ihg.com,Female,405-390-3640,8 Shelley Center,Oklahoma,73129,23
306,Miof mela,Lendrem,mlendrem8h@census.gov,Female,404-523-7026,69 Claremont Hill,Georgia,30033,118
307,Albie,Purdey,apurdey8i@alibaba.com,Male,415-187-6094,5861 Moland Park,California,94177,220
308,Steven,Glasspoole,sglasspoole8j@phoca.cz,Male,260-116-1615,6 Dovetail Terrace,Indiana,46814,152
309,Gates,Ogden,gogden8k@kickstarter.com,Female,603-915-4434,470 Truax Terrace,New Hampshire,3105,107
310,Hobard,Weagener,hweagener8l@cloudflare.com,Male,202-546-1729,52260 Daystar Street,District of Columbia,56944,101
311,Miller,Buxy,mbuxy8m@ycombinator.com,Male,812-838-8628,428 Mesta Junction,Indiana,47805,38
312,Karmen,Crayker,kcrayker8n@google.com.br,Female,202-391-9183,3 Bashford Circle,District of Columbia,20508,127
313,Kennie,Vamplew,kvamplew8o@apache.org,Male,423-992-1085,715 Grayhawk Alley,Tennessee,37405,21
314,Oswell,Heinl,oheinl8p@un.org,Male,954-975-5100,7 Duke Place,Florida,33325,158
315,Levey,Tuckie,ltuckie8q@wordpress.org,Male,408-352-5028,9057 Coleman Center,California,95128,9
316,Tessie,Addington,taddington8r@reference.com,Female,816-496-0965,9 Mcguire Lane,Missouri,64101,165
317,Gnni,Tixall,gtixall8s@cnn.com,Female,518-425-6320,81443 Bobwhite Crossing,New York,12210,186
318,Liliane,Aneley,laneley8t@marriott.com,Female,972-387-1671,65 Merry Center,Texas,76210,166
319,Davis,Pinard,dpinard8u@tinyurl.com,Male,303-842-0666,52824 Vermont Terrace,Colorado,80045,53
320,Van,Bindon,vbindon8v@unblog.fr,Male,330-129-6624,806 Katie Road,Ohio,44511,119
321,Celene,Bills,cbills8w@dailymail.co.uk,Female,405-789-0767,3 Mccormick Park,Oklahoma,73142,185
322,Essy,Chalmers,echalmers8x@indiegogo.com,Female,760-629-1512,7 Esker Hill,California,92056,25
323,Charlotta,Elsegood,celsegood8y@exblog.jp,Female,302-279-9514,13669 Blaine Street,Delaware,19714,209
324,Auberta,Winterscale,awinterscale8z@ezinearticles.com,Female,313-100-6774,9771 Sutherland Street,Michigan,48267,132
325,Travus,McNevin,tmcnevin90@amazon.com,Male,937-979-3009,0640 Ryan Court,Ohio,45426,218
326,Galvan,Barts,gbarts91@skyrock.com,Male,912-823-1857,1 Beilfuss Parkway,Georgia,31416,74
327,Cyndy,Segebrecht,csegebrecht92@shop-pro.jp,Female,317-102-9000,4 Debra Park,Indiana,46226,69
328,Noach,Gallelli,ngallelli93@samsung.com,Male,601-109-8107,1930 Park Meadow Plaza,Mississippi,39296,147
329,Liv,Redmell,lredmell94@google.ca,Female,202-238-4232,0 Kings Plaza,District of Columbia,20220,214
330,Daphna,Oakhill,doakhill95@hostgator.com,Female,856-149-3144,75 Kingsford Circle,New Jersey,8104,197
331,Sanford,Tammadge,stammadge96@google.com,Male,402-639-9329,86794 Fisk Road,Nebraska,68517,56
332,Guillema,Dake,gdake97@globo.com,Female,601-765-1653,93751 Pierstorff Lane,Mississippi,39216,145
333,Manuel,Hartless,mhartless98@businesswire.com,Male,608-739-6079,567 Hagan Parkway,Wisconsin,53716,25
334,Kelila,Sturror,ksturror99@bloglines.com,Female,419-394-6716,9 Delladonna Street,Ohio,43635,169
335,Reinaldos,Klesel,rklesel9a@goodreads.com,Male,717-870-3912,8761 Debs Park,Pennsylvania,17121,129
336,Gilligan,Peace,gpeace9b@google.com.hk,Female,402-282-2411,9649 Texas Way,Nebraska,68117,41
337,Celinda,McClune,cmcclune9c@hao123.com,Female,612-727-9151,1 Mitchell Hill,Minnesota,55402,149
338,Rinaldo,Petrushka,rpetrushka9d@about.com,Male,615-350-6366,1107 Sauthoff Crossing,Tennessee,37205,103
339,Lynn,Whelan,lwhelan9e@ucla.edu,Female,713-361-3088,589 Schlimgen Drive,Texas,77085,10
340,Claudie,Fishleigh,cfishleigh9f@google.fr,Female,763-465-3489,64339 Westerfield Junction,Minnesota,55598,191
341,Pernell,Stilgoe,pstilgoe9g@squarespace.com,Male,765-101-4636,16996 Stuart Lane,Indiana,46202,148
342,Silvano,Barff,sbarff9h@sogou.com,Male,253-504-7942,512 Spenser Trail,Washington,98498,62
343,Dacie,Sircombe,dsircombe9i@globo.com,Female,303-739-4669,04327 Northview Park,Colorado,80291,158
344,Darb,Langabeer,dlangabeer9j@wp.com,Male,702-393-4890,0140 Stoughton Alley,Nevada,89160,58
345,Tiphanie,Disdel,tdisdel9k@devhub.com,Female,843-396-9406,13006 Northport Point,South Carolina,29505,168
346,Monro,Caldow,mcaldow9l@angelfire.com,Male,912-588-5717,495 Corry Court,Georgia,31405,82
347,Louisette,Etchingham,letchingham9m@businesswire.com,Female,309-862-3776,947 Lakewood Gardens Terrace,Illinois,61656,196
348,Obadias,Reeson,oreeson9n@github.io,Male,714-283-7847,34254 Erie Street,California,92725,122
349,Kathleen,Cutler,kcutler9o@eepurl.com,Female,717-915-1589,2 South Way,Pennsylvania,17105,38
350,Bellina,Riddiford,briddiford9p@wikipedia.org,Female,585-765-4659,04716 Northport Trail,New York,14639,180
351,Alexina,Twiggins,atwiggins9q@ifeng.com,Female,615-742-1521,58 Vernon Center,Tennessee,37245,32
352,Raoul,Dykins,rdykins9r@netlog.com,Male,816-125-0487,87918 Tony Road,Missouri,64101,168
353,Ailbert,Waddams,awaddams9s@discovery.com,Male,608-106-8421,12 Sherman Court,Wisconsin,53726,62
354,Lester,Beeck,lbeeck9t@blogspot.com,Male,513-798-9167,3 Springs Pass,Ohio,45296,172
355,Elnar,Andrusov,eandrusov9u@mysql.com,Male,915-429-4359,9 Service Alley,Texas,88553,76
356,Norbie,Cicchetto,ncicchetto9v@un.org,Male,202-489-9669,45934 Schurz Point,District of Columbia,20436,139
357,Fionnula,Sandels,fsandels9w@cdc.gov,Female,626-938-8764,167 Arizona Lane,California,91117,126
358,Elane,Casson,ecasson9x@globo.com,Female,757-832-6177,10133 Monument Plaza,Virginia,23705,129
359,Sherline,Lowrance,slowrance9y@domainmarket.com,Female,810-118-4471,682 Twin Pines Hill,Michigan,48550,53
360,Fara,Beetham,fbeetham9z@bluehost.com,Female,972-718-6007,14 Corscot Circle,Texas,75236,9
361,Papagena,Beauchamp,pbeauchampa0@reverbnation.com,Female,917-588-6311,84133 North Trail,New York,10155,102
362,Esma,Arkle,earklea1@time.com,Female,310-289-6984,87420 Mayfield Lane,California,90398,116
363,Jerri,MacAiline,jmacailinea2@tinyurl.com,Male,706-848-3006,69579 Pawling Drive,Georgia,30610,218
364,Anderson,Ewer,aewera3@rambler.ru,Male,303-299-8378,2806 Haas Crossing,Colorado,80045,206
365,Mufi,Scurman,mscurmana4@addthis.com,Female,913-427-9471,09 Holy Cross Avenue,Kansas,66220,61
366,Sheridan,Fittis,sfittisa5@europa.eu,Male,940-514-7152,8015 Hansons Crossing,Texas,76310,127
367,Lonee,Sunter,lsuntera6@apple.com,Female,574-494-6575,7940 Monica Road,Indiana,46620,104
368,Tobe,Fendt,tfendta7@mozilla.org,Male,509-684-8060,9123 Bunker Hill Center,Washington,99260,56
369,Bay,Franscioni,bfranscionia8@instagram.com,Male,301-926-2511,90 Transport Junction,Maryland,20892,126
370,Fielding,Full,ffulla9@oakley.com,Male,918-633-9519,9878 Melrose Place,Oklahoma,74149,118
371,Yetty,Bracci,ybracciaa@blogger.com,Female,765-943-2009,2 Mcbride Way,Indiana,46202,211
372,Vidovic,Mathie,vmathieab@wunderground.com,Male,651-818-0264,50 Sommers Alley,Minnesota,55123,0
373,Seka,Barsam,sbarsamac@ucla.edu,Female,520-952-1291,1 Clove Crossing,Arizona,85720,111
374,Fredia,Fawdrie,ffawdriead@hostgator.com,Female,504-274-5691,94566 Elka Road,Louisiana,70174,167
375,Randell,O'Hallihane,rohallihaneae@sohu.com,Male,760-729-4689,9 Hauk Alley,California,92668,156
376,Warner,Paulsson,wpaulssonaf@baidu.com,Male,804-653-5864,79034 Carpenter Court,Virginia,23277,15
377,Horton,Bernholt,hbernholtag@merriam-webster.com,Male,803-251-4127,84172 Center Pass,South Carolina,29220,206
378,Bondon,Banbury,bbanburyah@xinhuanet.com,Male,862-649-3357,4516 Dovetail Pass,New Jersey,7195,112
379,Leonardo,Gainsbury,lgainsburyai@fotki.com,Male,240-936-7241,8 Hoffman Parkway,Maryland,20918,194
380,Hewett,Wedmore.,hwedmoreaj@e-recht24.de,Male,816-705-2372,570 Spohn Park,Missouri,64142,23
381,Brandtr,Harty,bhartyak@si.edu,Male,315-275-5241,270 Aberg Pass,New York,13217,206
382,Korey,Lingwood,klingwoodal@addtoany.com,Male,954-829-3273,65195 Thompson Drive,Florida,33028,52
383,Orrin,Ninnis,oninnisam@yellowbook.com,Male,909-644-9594,4714 Carey Lane,California,92424,18
384,Boycey,Edgeworth,bedgeworthan@webmd.com,Male,512-187-7801,97416 Blaine Road,Texas,78710,137
385,Honor,Naisbet,hnaisbetao@fotki.com,Female,917-892-4405,46406 Oakridge Terrace,New York,10029,155
386,Henrieta,Konrad,hkonradap@eventbrite.com,Female,563-340-4722,98784 Commercial Lane,Iowa,52804,184
387,Eb,Shakle,eshakleaq@google.pl,Male,704-535-2927,84430 Petterle Plaza,North Carolina,28235,157
388,Francklyn,Palmby,fpalmbyar@bloomberg.com,Male,404-608-7024,93549 Sunnyside Road,Georgia,31106,155
389,Margie,Duggen,mduggenas@live.com,Female,256-889-6632,6 Quincy Drive,Alabama,35805,118
390,Gisele,Newcomen,gnewcomenat@marriott.com,Female,702-149-8294,422 Fulton Terrace,Nevada,89115,184
391,Kylila,Rosendall,krosendallau@google.com.hk,Female,304-682-0860,6 Arkansas Road,West Virginia,25389,174
392,Byron,Suttie,bsuttieav@hugedomains.com,Male,619-473-8660,30033 Spenser Crossing,California,92165,47
393,Doll,Ruslen,druslenaw@i2i.jp,Female,843-494-1032,640 Iowa Hill,South Carolina,29424,136
394,Quinton,Tabb,qtabbax@reverbnation.com,Male,706-245-5460,74 Fuller Point,Georgia,31914,20
395,Garreth,Boulter,gboulteray@webmd.com,Male,405-600-8298,6795 Roth Lane,Oklahoma,73104,18
396,Florina,Albion,falbionaz@cisco.com,Female,850-257-2677,013 Goodland Place,Florida,32505,59
397,Harlan,Husher,hhusherb0@uiuc.edu,Male,479-512-2797,6883 Elmside Drive,Arkansas,72916,211
398,Mason,Chomicki,mchomickib1@ibm.com,Male,404-139-6376,34132 David Plaza,Georgia,31132,22
399,Jaimie,Jeays,jjeaysb2@slashdot.org,Female,540-957-5825,5 Iowa Plaza,Virginia,22405,30
400,Norene,Millier,nmillierb3@comcast.net,Female,404-505-5976,0553 Alpine Park,Georgia,30096,19
401,Claire,Lardner,clardnerb4@bing.com,Female,251-576-7561,83461 Columbus Way,Alabama,36616,108
402,Aubert,Sket,asketb5@comcast.net,Male,336-237-0145,7841 East Circle,North Carolina,27110,20
403,Harrie,Brisland,hbrislandb6@slate.com,Female,828-915-5337,7 Hazelcrest Center,North Carolina,28805,196
404,Jennette,Gilfillan,jgilfillanb7@github.io,Female,419-640-9839,8201 Pawling Pass,Ohio,43635,94
405,Arlin,Randall,arandallb8@cornell.edu,Male,559-346-1839,86132 Bashford Parkway,California,93794,52
406,Frederich,Livesey,fliveseyb9@flickr.com,Male,410-195-3938,166 Burning Wood Lane,Maryland,21216,149
407,Terencio,Burless,tburlessba@scientificamerican.com,Male,202-116-7974,499 Westport Avenue,District of Columbia,20591,102
408,Ashley,Alyokhin,aalyokhinbb@stumbleupon.com,Female,303-658-8892,699 Ohio Road,Colorado,80015,48
409,Phaedra,Insole,pinsolebc@etsy.com,Female,646-860-4434,5506 Becker Trail,New York,10024,174
410,Teador,Eastbrook,teastbrookbd@mtv.com,Male,970-103-1854,30 Sunbrook Center,Colorado,81505,142
411,Lionel,Eyckelbeck,leyckelbeckbe@ow.ly,Male,702-591-4876,0 Comanche Pass,Nevada,89150,205
412,Conney,Tupman,ctupmanbf@auda.org.au,Male,865-644-4371,2745 Union Avenue,Tennessee,37924,73
413,Irv,Netherwood,inetherwoodbg@springer.com,Male,561-658-8763,7014 Mosinee Center,Florida,32909,214
414,Kassi,Willmetts,kwillmettsbh@telegraph.co.uk,Female,202-328-7049,7879 Larry Center,District of Columbia,20566,99
415,Raffarty,Wakeling,rwakelingbi@google.com.hk,Male,904-187-6265,85 Pankratz Trail,Florida,32204,47
416,Dallas,Ingle,dinglebj@reddit.com,Male,801-604-5093,183 Eagle Crest Circle,Utah,84403,169
417,Aaren,Morfell,amorfellbk@guardian.co.uk,Female,281-107-0034,35479 Dwight Point,Texas,77045,59
418,Sawyer,McVittie,smcvittiebl@earthlink.net,Male,206-828-1885,8 Farwell Point,Washington,98195,95
419,Valaria,Antoniazzi,vantoniazzibm@t.co,Female,407-146-0689,0867 Glendale Point,Florida,32808,91
420,Lionel,Masse,lmassebn@home.pl,Male,309-710-1291,2 Macpherson Lane,Illinois,61640,128
421,Tadd,Reboulet,trebouletbo@jimdo.com,Male,617-323-0876,719 Hollow Ridge Trail,Massachusetts,2124,111
422,Helsa,Biaggioli,hbiaggiolibp@jiathis.com,Female,757-609-9548,346 Dwight Road,Virginia,23605,28
423,Frederick,Avory,favorybq@omniture.com,Male,805-240-4144,464 Hagan Street,California,93005,68
424,Ethan,Keig,ekeigbr@furl.net,Male,678-561-3970,00108 Novick Park,Georgia,30089,111
425,Daveta,Torald,dtoraldbs@t-online.de,Female,314-421-8505,184 Magdeline Way,Missouri,63131,183
426,Keefe,Kissack,kkissackbt@weebly.com,Male,314-358-0005,87273 Homewood Circle,Missouri,63150,91
427,Belle,Guillford,bguillfordbu@vkontakte.ru,Female,317-348-5132,4 Browning Place,Indiana,46278,90
428,Simona,Cayley,scayleybv@liveinternet.ru,Female,801-384-6170,5 Bobwhite Terrace,Utah,84145,185
429,Alie,Gulk,agulkbw@yelp.com,Female,305-970-2243,7145 Jenifer Street,Florida,33013,90
430,Cristabel,Hamshere,chamsherebx@samsung.com,Female,304-360-3008,320 Grayhawk Street,West Virginia,25716,195
431,Sasha,Poyner,spoynerby@slideshare.net,Female,616-362-3732,81 Michigan Hill,Michigan,49544,66
432,Darb,Jimmison,djimmisonbz@friendfeed.com,Male,304-804-9989,1173 Pawling Circle,West Virginia,25321,51
433,Dulcinea,Cunningham,dcunninghamc0@ezinearticles.com,Female,423-937-2567,65359 Hanover Court,Tennessee,37665,42
434,Josefa,Gurry,jgurryc1@wiley.com,Female,818-631-3138,39853 Garrison Drive,California,91505,113
435,Saundra,Moorcraft,smoorcraftc2@spiegel.de,Male,720-663-8830,87264 Hazelcrest Pass,Colorado,80249,23
436,Jeromy,Nockolds,jnockoldsc3@dagondesign.com,Male,954-200-0464,0175 Canary Circle,Florida,33411,72
437,Jeremias,Kleinstein,jkleinsteinc4@sakura.ne.jp,Male,309-882-3413,52699 Shasta Avenue,Illinois,61605,72
438,Noelle,Crowne,ncrownec5@live.com,Female,402-524-6988,82 6th Place,Nebraska,68583,105
439,Hertha,Armit,harmitc6@slashdot.org,Female,713-427-8654,99 Ronald Regan Plaza,Texas,77228,133
440,Auria,Pickover,apickoverc7@buzzfeed.com,Female,919-172-5336,6765 Boyd Center,North Carolina,27710,61
441,Yvon,Eke,yekec8@networkadvertising.org,Male,213-582-5373,2979 2nd Court,California,90030,124
442,Antonino,Beininck,abeininckc9@g.co,Male,937-675-0470,2714 Daystar Parkway,Ohio,45414,94
443,Muffin,Whipple,mwhippleca@walmart.com,Male,515-643-9432,09835 Main Pass,Iowa,50369,166
444,Janka,Potter,jpottercb@shareasale.com,Female,937-483-4976,97 School Court,Ohio,45470,86
445,Reinaldo,Mohring,rmohringcc@wired.com,Male,716-833-9208,9314 Commercial Terrace,New York,14210,82
446,Rakel,Nanuccioi,rnanuccioicd@marketwatch.com,Female,361-918-3871,0 Sage Place,Texas,78470,141
447,Dolli,Readman,dreadmance@mozilla.org,Female,682-200-3446,753 Stuart Road,Texas,76162,152
448,Bent,McBain,bmcbaincf@livejournal.com,Male,651-260-6841,103 Carioca Park,Minnesota,55188,176
449,Craig,Inett,cinettcg@myspace.com,Male,907-582-6824,94 Grasskamp Road,Alaska,99522,143
450,Kylie,Phillcock,kphillcockch@linkedin.com,Female,814-370-8760,710 Ilene Pass,Pennsylvania,16510,160
451,Darb,Pesterfield,dpesterfieldci@dot.gov,Male,602-244-5772,96 Hoffman Park,Arizona,85297,25
452,Susie,Shimwell,sshimwellcj@taobao.com,Female,979-314-0737,182 Sauthoff Circle,Texas,77040,70
453,Bobette,Suddaby,bsuddabyck@senate.gov,Female,917-735-8937,87 Eagle Crest Lane,New York,10039,204
454,Kaja,Gellion,kgellioncl@google.com,Female,248-139-2387,939 Almo Street,Michigan,48098,48
455,Dorolice,Pavlishchev,dpavlishchevcm@si.edu,Female,347-830-4427,19352 Hermina Terrace,New York,11241,81
456,Bessie,Gadeaux,bgadeauxcn@npr.org,Female,512-686-6538,472 Sutherland Terrace,Texas,78754,156
457,Lanny,MacDougal,lmacdougalco@google.ru,Female,847-461-5351,81 Pond Crossing,Illinois,60078,122
458,Mead,Ruttgers,mruttgerscp@seesaa.net,Male,806-615-4543,501 Havey Trail,Texas,79171,64
459,Sibley,Turton,sturtoncq@virginia.edu,Female,269-311-7021,932 Grim Court,Michigan,49018,170
460,Harp,Piscopello,hpiscopellocr@pinterest.com,Male,971-415-9995,076 Melody Place,Oregon,97201,178
461,Ken,Kleinplatz,kkleinplatzcs@scientificamerican.com,Male,617-855-3673,89363 Basil Pass,Massachusetts,2298,169
462,Jeniece,Joskowicz,jjoskowiczct@eepurl.com,Female,636-473-6654,28 Thierer Circle,Missouri,63126,63
463,Roderic,Andrea,randreacu@altervista.org,Male,203-106-3913,537 Becker Junction,Connecticut,6533,150
464,Micki,McAvinchey,mmcavincheycv@hud.gov,Female,801-548-4236,53590 Shasta Pass,Utah,84120,48
465,Chariot,Turfin,cturfincw@macromedia.com,Male,971-804-0268,58166 Longview Plaza,Oregon,97271,46
466,Shae,Slyde,sslydecx@cnn.com,Male,209-936-0927,25589 Lerdahl Hill,California,95354,9
467,Dallas,Glennon,dglennoncy@yandex.ru,Male,202-415-7752,13514 Sugar Court,District of Columbia,20299,17
468,Jolee,Domino,jdominocz@bbb.org,Female,775-861-6995,9 Atwood Terrace,Nevada,89436,28
469,Keane,Fishbourn,kfishbournd0@over-blog.com,Male,504-637-7406,94392 Manufacturers Junction,Louisiana,70033,158
470,Tod,Mouton,tmoutond1@oakley.com,Male,602-790-9121,1857 Manitowish Street,Arizona,85083,43
471,Amabel,Cudihy,acudihyd2@abc.net.au,Female,515-987-6598,54 Thompson Parkway,Iowa,50393,18
472,Catha,Clayhill,cclayhilld3@jalbum.net,Female,917-899-3449,4712 Ridgeview Pass,New York,11470,154
473,Burty,Prazor,bprazord4@imageshack.us,Male,817-910-0365,79741 Nevada Street,Texas,76129,212
474,Derward,Kenneford,dkennefordd5@earthlink.net,Male,901-378-4276,78 Fairfield Park,Tennessee,38150,160
475,Vonnie,Garlic,vgarlicd6@github.io,Female,937-925-2568,96482 Holmberg Road,Ohio,45408,125
476,Giacopo,Margrem,gmargremd7@stumbleupon.com,Male,423-298-7566,16124 Nevada Road,Tennessee,37410,76
477,Xaviera,Duck,xduckd8@cbc.ca,Female,212-649-0718,2 Eagan Plaza,New York,10170,91
478,Bartie,Mulliner,bmullinerd9@smh.com.au,Male,402-771-7772,1 Drewry Terrace,Nebraska,68505,66
479,Barney,Abbe,babbeda@unblog.fr,Male,212-672-1630,73 Cascade Pass,New York,10150,39
480,Miguel,Thornthwaite,mthornthwaitedb@weebly.com,Male,253-386-8469,469 Melvin Avenue,Washington,98498,38
481,Syd,Perceval,spercevaldc@blinklist.com,Male,602-954-1168,85453 Gale Way,Arizona,85010,163
482,Yolanda,O'Gormally,yogormallydd@sakura.ne.jp,Female,253-385-3809,62 Golf Course Avenue,Washington,98405,138
483,Otis,Formie,oformiede@shutterfly.com,Male,231-589-3537,5 Dunning Road,Michigan,49444,22
484,Dorie,Angerstein,dangersteindf@bbb.org,Male,203-710-5464,9 Hooker Trail,Connecticut,6533,138
485,Orel,O'Skehan,ooskehandg@google.com.hk,Female,515-660-0748,5 Raven Lane,Iowa,50936,207
486,Clair,Sayse,csaysedh@liveinternet.ru,Male,202-794-3899,08 Mcbride Center,District of Columbia,20319,59
487,Jourdain,Stubbert,jstubbertdi@shareasale.com,Male,520-569-2927,0325 Melody Circle,Arizona,85743,221
488,Kaylee,Stenet,kstenetdj@ted.com,Female,517-816-6673,37478 Spaight Drive,Michigan,48901,185
489,Mufinella,Casham,mcashamdk@1und1.de,Female,323-321-1669,3 Kedzie Circle,California,91505,21
490,Boot,Strong,bstrongdl@ning.com,Male,407-471-5786,28 Straubel Crossing,Florida,32825,208
491,Berri,Wegenen,bwegenendm@sitemeter.com,Female,952-378-5253,7 Weeping Birch Lane,Minnesota,55551,41
492,Emlen,Hembrow,ehembrowdn@odnoklassniki.ru,Male,573-557-3595,8 Prairie Rose Parkway,Missouri,65110,137
493,Andros,Enser,aenserdo@geocities.com,Male,203-626-9844,26 Arkansas Alley,Connecticut,6538,206
494,Rorke,Deeley,rdeeleydp@craigslist.org,Male,217-955-4300,87391 Grayhawk Alley,Illinois,62718,3
495,Haskell,Edmondson,hedmondsondq@fda.gov,Male,202-610-7885,988 Red Cloud Trail,District of Columbia,20520,62
496,Hollyanne,Perez,hperezdr@census.gov,Female,513-653-1924,9643 Heffernan Avenue,Ohio,45238,177
497,Tera,Featherstonhaugh,tfeatherstonhaughds@mozilla.com,Female,202-951-9118,1972 Warbler Center,District of Columbia,20226,45
498,Tybalt,Baselio,tbaseliodt@omniture.com,Male,904-312-6386,058 Scott Road,Florida,32215,22
499,Arte,Rumens,arumensdu@examiner.com,Male,702-639-1493,150 1st Crossing,Nevada,89160,120
500,Forrester,Strangman,fstrangmandv@cnn.com,Male,813-816-0711,79781 Transport Hill,Florida,33633,198
501,Stormi,Clubb,sclubbdw@vinaora.com,Female,310-855-9068,20 Sullivan Street,California,90398,62
502,Imogen,Pietzner,ipietznerdx@apple.com,Female,916-812-9887,301 Vernon Road,California,95852,1
503,Niki,Schutt,nschuttdy@spiegel.de,Male,410-125-5290,0987 Donald Way,Maryland,21405,11
504,Elvyn,Dowsey,edowseydz@yale.edu,Male,302-136-1433,49031 Northland Alley,Delaware,19892,58
505,Donica,Sijmons,dsijmonse0@mtv.com,Female,218-228-6255,104 Eggendart Point,Minnesota,55811,57
506,Gilles,Geydon,ggeydone1@blinklist.com,Male,479-191-8057,2804 Susan Plaza,Arkansas,72905,201
507,Masha,Shillingford,mshillingforde2@nifty.com,Female,218-773-3985,7329 Thompson Trail,Minnesota,55805,215
508,Joby,Swatheridge,jswatheridgee3@opera.com,Female,904-923-7327,52 Bobwhite Place,Florida,32230,150
509,Steffi,Vella,svellae4@hostgator.com,Female,816-300-1325,7515 Thompson Place,Missouri,64199,97
510,Gillie,Bain,gbaine5@tinyurl.com,Female,775-326-2319,8046 Melrose Way,Nevada,89510,35
511,Edithe,Offener,eoffenere6@usa.gov,Female,713-113-9285,54724 Bellgrove Hill,Texas,77020,115
512,Arlina,Najara,anajarae7@huffingtonpost.com,Female,504-357-3920,7 David Lane,Louisiana,70165,83
513,Rozina,O'Corrigane,rocorriganee8@smh.com.au,Female,818-931-4117,61083 Buena Vista Park,California,90510,206
514,Liv,Byng,lbynge9@nymag.com,Female,818-152-7287,9 Pierstorff Road,California,92822,206
515,Cynthia,Rigge,criggeea@squidoo.com,Female,770-923-5264,981 Saint Paul Point,Georgia,31119,185
516,Nicolina,Colton,ncoltoneb@bloglines.com,Female,212-930-2936,32852 Dapin Drive,New York,11431,56
517,Catlee,Bahlmann,cbahlmannec@flickr.com,Female,859-828-1210,33022 Roxbury Point,Kentucky,40546,108
518,Meryl,Davidovits,mdavidovitsed@yellowbook.com,Female,480-602-6322,68 Corben Circle,Arizona,85297,95
519,Renato,Border,rborderee@netvibes.com,Male,305-960-6156,5319 Packers Trail,Florida,33175,99
520,Vittorio,Marcinkus,vmarcinkusef@cmu.edu,Male,414-510-8220,3871 Nobel Hill,Wisconsin,53263,87
521,Orlando,de Courcey,odecourceyeg@oracle.com,Male,408-650-8269,8 Karstens Alley,California,95160,142
522,Fredrick,Dickens,fdickenseh@npr.org,Male,559-780-2780,11127 Goodland Plaza,California,93762,201
523,Archie,Rosthorn,arosthornei@army.mil,Male,972-878-7848,38 Sloan Crossing,Texas,75216,176
524,Emmalynn,Brabbins,ebrabbinsej@amazon.co.jp,Female,919-443-8566,9 Sunfield Road,North Carolina,27615,219
525,Jarred,Peres,jperesek@google.co.uk,Male,573-279-5354,02664 Myrtle Avenue,Missouri,65218,166
526,Leese,Chazelas,lchazelasel@etsy.com,Female,360-755-9970,8 Melby Crossing,Washington,98664,90
527,Madelyn,Maskelyne,mmaskelyneem@senate.gov,Female,503-299-7100,64430 Ridgeview Park,Oregon,97229,155
528,Bondon,Shepperd,bshepperden@adobe.com,Male,407-529-0445,6623 Barnett Junction,Florida,32854,147
529,Gerardo,Blincow,gblincoweo@biblegateway.com,Male,336-539-2083,8374 Lawn Terrace,North Carolina,27409,135
530,Sarine,Oakley,soakleyep@noaa.gov,Female,281-323-5046,4 Eagan Terrace,Texas,77085,97
531,Marwin,Itshak,mitshakeq@va.gov,Male,937-387-2200,0 Hoepker Drive,Ohio,45470,4
532,Merrie,Hassen,mhassener@elpais.com,Female,903-967-9340,09 7th Hill,Texas,75799,192
533,Tracy,O'Gaven,togavenes@gizmodo.com,Female,832-411-2808,532 Lindbergh Street,Texas,77015,77
534,Dionis,Froschauer,dfroschaueret@globo.com,Female,281-779-7314,9 Randy Avenue,Texas,77055,183
535,Tilly,Watterson,twattersoneu@springer.com,Female,303-301-0226,7 Sheridan Court,Colorado,80150,23
536,Deck,Shotton,dshottonev@ebay.com,Male,512-863-0684,7039 Londonderry Point,Texas,78715,2
537,Tonya,Pine,tpineew@state.tx.us,Female,501-637-2330,15 Trailsway Trail,Arkansas,72231,194
538,Starlin,Baildon,sbaildonex@yahoo.co.jp,Female,423-414-1911,69772 Dakota Hill,Tennessee,37416,90
539,Randall,Jarad,rjaradey@dell.com,Male,302-536-5258,495 Paget Street,Delaware,19897,41
540,Maisie,Euels,meuelsez@epa.gov,Female,601-797-8554,3863 Almo Plaza,Mississippi,39216,185
541,Fonsie,Clague,fclaguef0@wiley.com,Male,314-830-7201,2 Twin Pines Park,Missouri,63167,195
542,Suzi,Reyburn,sreyburnf1@guardian.co.uk,Female,941-146-3747,64 8th Parkway,Florida,34233,105
543,Honor,Lintin,hlintinf2@apache.org,Female,310-978-7365,8010 Bashford Drive,California,90035,29
544,Sephira,Chad,schadf3@yale.edu,Female,304-726-2560,25 Quincy Parkway,West Virginia,25336,104
545,Augusta,Escudier,aescudierf4@smugmug.com,Female,904-318-7503,46351 Cordelia Drive,Florida,32255,88
546,Cassius,Polino,cpolinof5@va.gov,Male,202-858-1326,6130 Crownhardt Place,District of Columbia,20430,187
547,Jephthah,Germann,jgermannf6@cargocollective.com,Male,803-598-2911,5 Swallow Terrace,South Carolina,29220,68
548,Kenton,Yell,kyellf7@dailymail.co.uk,Male,786-634-1635,123 Del Mar Plaza,Florida,33164,57
549,Hadley,Ewestace,hewestacef8@china.com.cn,Male,256-914-5078,84208 Victoria Lane,Alabama,36205,153
550,Giacinta,Fairy,gfairyf9@mapy.cz,Female,314-227-9850,04 Ramsey Street,Missouri,63116,186
551,Edna,Hatt,ehattfa@chron.com,Female,917-926-4392,7766 Tony Pass,New York,11447,85
552,Miltie,Siseland,msiselandfb@fc2.com,Male,862-709-9427,387 Hollow Ridge Crossing,New Jersey,7544,107
553,Blair,Peperell,bpeperellfc@nationalgeographic.com,Male,303-923-8213,5 Schiller Terrace,Colorado,80262,80
554,Demetri,Stanbridge,dstanbridgefd@wisc.edu,Male,210-580-5006,03594 Vernon Lane,Texas,78245,93
555,Ferdinande,Jollands,fjollandsfe@purevolume.com,Female,201-414-1341,43 Sutteridge Place,New Jersey,7305,123
556,Kissee,Austins,kaustinsff@apple.com,Female,309-720-8957,6 Utah Alley,Illinois,61635,138
557,Cassaundra,Whylie,cwhyliefg@fda.gov,Female,785-428-2602,11 Bowman Parkway,Kansas,66622,200
558,Magdalena,De La Cote,mdelacotefh@feedburner.com,Female,858-958-4263,2832 Aberg Pass,California,94121,182
559,Nady,Melland,nmellandfi@toplist.cz,Female,915-182-5746,4 Fairview Circle,Texas,79940,210
560,Cornie,Steane,csteanefj@craigslist.org,Male,405-732-2697,3 Old Shore Place,Oklahoma,73071,79
561,Ware,Darridon,wdarridonfk@mediafire.com,Male,612-451-2886,3641 Brickson Park Road,Minnesota,55470,100
562,Ellissa,Rontsch,erontschfl@ehow.com,Female,330-432-2613,16 Stoughton Plaza,Ohio,44710,184
563,Fiorenze,Hebbron,fhebbronfm@dropbox.com,Female,734-781-6172,748 Clove Drive,Michigan,48211,163
564,Rriocard,Mattioli,rmattiolifn@businessinsider.com,Male,513-826-1958,22 Maple Wood Trail,Ohio,45243,121
565,Theobald,Castellani,tcastellanifo@whitehouse.gov,Male,901-221-5374,3 Warbler Plaza,Tennessee,38136,14
566,Patrice,Toffler,ptofflerfp@tamu.edu,Female,214-417-8402,2962 Westend Terrace,Texas,75037,0
567,Vikki,Pietruszewicz,vpietruszewiczfq@globo.com,Female,805-959-7027,24 Karstens Street,California,93407,210
568,Wyatan,Thomassin,wthomassinfr@jimdo.com,Male,904-918-7945,2 Monterey Road,Florida,32215,11
569,Marcelline,Lepard,mlepardfs@theguardian.com,Female,706-621-6776,6 Dwight Crossing,Georgia,30919,160
570,Raimondo,Bestman,rbestmanft@blog.com,Male,864-541-6569,2576 Colorado Center,South Carolina,29625,6
571,Mariquilla,Florez,mflorezfu@va.gov,Female,202-921-3783,273 Melrose Junction,District of Columbia,20268,49
572,Fredek,Gainsboro,fgainsborofv@netscape.com,Male,202-846-3797,961 Dahle Road,District of Columbia,20078,105
573,Abraham,Holton,aholtonfw@seesaa.net,Male,503-442-5873,9 Gateway Road,Oregon,97221,193
574,Maddie,Brouard,mbrouardfx@wikia.com,Male,334-434-3854,47 Lerdahl Alley,Alabama,36109,58
575,Tyne,Coiley,tcoileyfy@comsenz.com,Female,508-800-0012,51374 Emmet Court,Massachusetts,2305,113
576,Claudell,Fernandez,cfernandezfz@digg.com,Male,202-658-9104,225 John Wall Plaza,District of Columbia,20062,26
577,Chauncey,Richardson,crichardsong0@ca.gov,Male,225-231-4484,556 Armistice Crossing,Louisiana,70820,174
578,Roger,Dallender,rdallenderg1@1688.com,Male,260-445-2290,5052 Manufacturers Plaza,Indiana,46867,189
579,Sharlene,Karolewski,skarolewskig2@europa.eu,Female,209-372-3842,09759 Everett Place,California,95219,55
580,Poul,Espina,pespinag3@washington.edu,Male,801-155-3577,5 Namekagon Point,Utah,84170,169
581,Pasquale,Crux,pcruxg4@google.ru,Male,405-364-1040,49 Monument Parkway,Oklahoma,73071,90
582,Lorinda,Oolahan,loolahang5@so-net.ne.jp,Female,775-543-1740,87 Michigan Park,Nevada,89436,199
583,Midge,Denekamp,mdenekampg6@hugedomains.com,Female,772-926-7475,2270 Marcy Hill,Florida,34985,98
584,Ermentrude,Cheine,echeineg7@nba.com,Female,309-295-8199,055 Becker Park,Illinois,61640,92
585,Boonie,Kubica,bkubicag8@github.com,Male,404-425-9494,32 Waxwing Court,Georgia,30343,184
586,Alberta,Maier,amaierg9@ca.gov,Female,509-798-0165,4 Farmco Pass,Washington,99252,139
587,Anna,Stanborough,astanboroughga@yellowbook.com,Female,518-951-7532,39856 Elmside Junction,New York,12305,129
588,Barbra,Scole,bscolegb@skype.com,Female,210-608-8685,56 Mcguire Avenue,Texas,78240,57
589,Kenneth,Cowderoy,kcowderoygc@qq.com,Male,626-256-2092,89125 Shelley Pass,California,90025,72
590,Agneta,Spires,aspiresgd@globo.com,Female,843-253-0216,29 Fisk Point,South Carolina,29411,113
591,Corilla,Veazey,cveazeyge@mediafire.com,Female,719-555-9648,1756 Roth Hill,Colorado,81005,60
592,Berenice,Goldney,bgoldneygf@squarespace.com,Female,402-529-1189,7782 Marquette Avenue,Nebraska,68164,95
593,Anatole,Piddlehinton,apiddlehintongg@blogger.com,Male,305-787-8141,222 Express Place,Florida,33034,106
594,Maritsa,Cudihy,mcudihygh@constantcontact.com,Female,561-742-4614,6 Merrick Center,Florida,33467,163
595,Wang,Guiver,wguivergi@imdb.com,Male,415-732-0019,3308 Service Parkway,California,94913,215
596,Evelin,Dabbs,edabbsgj@reverbnation.com,Male,805-220-1505,34907 Bayside Avenue,California,94405,6
597,Daven,Dowsey,ddowseygk@typepad.com,Male,865-295-5457,34434 Melrose Lane,Tennessee,37924,209
598,Jess,De Michetti,jdemichettigl@soundcloud.com,Female,971-175-4216,40767 Kropf Plaza,Oregon,97232,144
599,Welch,Ferrar,wferrargm@sciencedaily.com,Male,941-711-8703,2582 Dwight Trail,Florida,34108,109
600,Daven,de Najera,ddenajeragn@i2i.jp,Male,239-677-2463,60248 Sachs Terrace,Florida,33913,31
601,Pall,Bailiss,pbailissgo@w3.org,Male,919-311-3926,72329 Burrows Road,North Carolina,27635,82
602,Winny,Pydcock,wpydcockgp@wikia.com,Male,713-687-8609,1820 Artisan Alley,Texas,77234,138
603,Gerti,Willis,gwillisgq@spiegel.de,Female,407-320-4986,1531 Pepper Wood Crossing,Florida,32808,188
604,Rosalinda,Sabathier,rsabathiergr@umich.edu,Female,281-494-9296,7 Northridge Center,Texas,77095,18
605,Gigi,Kopke,gkopkegs@w3.org,Female,314-845-9993,8198 Darwin Lane,Missouri,63110,128
606,Mead,Breem,mbreemgt@hibu.com,Male,817-473-0615,0433 Gina Lane,Texas,76016,176
607,Oralia,Larimer,olarimergu@cam.ac.uk,Female,202-510-1550,21 Randy Circle,District of Columbia,20010,124
608,Gawen,Gulliver,ggullivergv@google.pl,Male,816-275-0120,39574 Maryland Park,Missouri,64149,32
609,Hunfredo,Gamlin,hgamlingw@uiuc.edu,Male,206-386-1662,58486 Bartillon Parkway,Washington,98148,67
610,Lolita,Tukely,ltukelygx@cloudflare.com,Female,404-542-3208,1 Sachtjen Plaza,Georgia,31106,25
611,Lizzy,Mays,lmaysgy@php.net,Female,858-570-5848,30479 Stoughton Plaza,California,92145,185
612,Wiley,Braunston,wbraunstongz@arizona.edu,Male,310-802-6156,3 Hayes Drive,California,90410,143
613,Elane,Patise,epatiseh0@tuttocitta.it,Female,806-994-6060,610 Browning Junction,Texas,79415,99
614,Uriel,Caldera,ucalderah1@pagesperso-orange.fr,Male,775-567-0234,82900 Vernon Circle,Nevada,89436,212
615,Susann,McNiff,smcniffh2@oakley.com,Female,952-897-8370,19 Union Pass,Minnesota,55412,46
616,Wendeline,Bauckham,wbauckhamh3@seesaa.net,Female,318-667-3518,469 Grasskamp Plaza,Louisiana,71151,6
617,Sayre,Owttrim,sowttrimh4@nytimes.com,Male,330-654-7888,7 Fairfield Crossing,Ohio,44505,49
618,Gusti,Saket,gsaketh5@webs.com,Female,801-593-7701,8097 Pankratz Alley,Utah,84409,145
619,Hattie,Bodesson,hbodessonh6@yale.edu,Female,209-809-0007,874 Northfield Park,California,95298,81
620,Hobey,Boss,hbossh7@jugem.jp,Male,786-658-8171,4 Hudson Avenue,Florida,33013,62
621,Jecho,Dillingston,jdillingstonh8@vinaora.com,Male,915-512-2287,153 American Lane,Texas,79968,156
622,Kelcy,Bardell,kbardellh9@stanford.edu,Female,918-349-6424,5 Magdeline Alley,Oklahoma,74141,121
623,Tanner,Grzelewski,tgrzelewskiha@unblog.fr,Male,414-984-3521,01 Roth Pass,Wisconsin,53205,188
624,Shamus,Apedaile,sapedailehb@nationalgeographic.com,Male,212-807-2772,45 Mallory Avenue,New York,10184,166
625,Leia,Biddleston,lbiddlestonhc@smugmug.com,Female,214-183-3806,76 Carioca Lane,Texas,75397,164
626,Jsandye,Turfs,jturfshd@archive.org,Female,540-847-7542,9662 Browning Drive,Virginia,24048,39
627,Harli,Dicke,hdickehe@cdc.gov,Female,559-303-4566,3 Dixon Court,California,93762,186
628,Tammie,Brand-Hardy,tbrandhardyhf@list-manage.com,Male,318-278-1464,04868 Mallard Pass,Louisiana,71166,154
629,Pearline,Leftridge,pleftridgehg@irs.gov,Female,405-939-7197,0384 Service Hill,Oklahoma,73124,121
630,Theo,Reijmers,treijmershh@unc.edu,Female,719-516-3841,957 Roth Pass,Colorado,80995,104
631,Rene,Wield,rwieldhi@artisteer.com,Male,419-374-2128,94 Moulton Pass,Ohio,43699,205
632,Abrahan,Yarham,ayarhamhj@goo.gl,Male,303-747-5623,4 Melody Junction,Colorado,80291,216
633,Ferne,Bucham,fbuchamhk@icio.us,Female,626-952-5731,81 Declaration Point,California,91186,31
634,Olag,Caunter,ocaunterhl@artisteer.com,Male,240-367-9583,476 Eastwood Point,Maryland,20883,109
635,Noami,Boughton,nboughtonhm@free.fr,Female,253-195-4177,889 Sherman Park,Washington,98424,198
636,Luella,Jancik,ljancikhn@yandex.ru,Female,972-435-7204,9 Gerald Trail,Texas,75287,82
637,Laurence,Dawdary,ldawdaryho@fda.gov,Male,785-174-7148,58 Susan Hill,Kansas,66642,92
638,Aggie,Spedroni,aspedronihp@newyorker.com,Female,513-491-8305,63 Ridgeview Pass,Ohio,45218,0
639,Saxe,Curle,scurlehq@csmonitor.com,Male,786-360-8318,343 Manitowish Avenue,Florida,33245,146
640,Irwin,Tanzig,itanzighr@reuters.com,Male,904-909-5862,2741 Waubesa Terrace,Florida,32255,135
641,Christal,Barizeret,cbarizereths@cdc.gov,Female,954-571-7566,9 Schlimgen Avenue,Florida,33028,145
642,Vail,Gumbley,vgumbleyht@goo.ne.jp,Male,805-553-8166,16 Jenifer Point,California,93311,144
643,Jacquenette,Karlolczak,jkarlolczakhu@jugem.jp,Female,330-738-8693,25 Spaight Parkway,Ohio,44710,218
644,Ursuline,Scrivener,uscrivenerhv@shop-pro.jp,Female,330-407-0139,0240 Grover Center,Ohio,44505,77
645,Lucius,Pakenham,lpakenhamhw@squidoo.com,Male,202-199-2893,57659 Melrose Plaza,District of Columbia,20414,122
646,Liliane,Allinson,lallinsonhx@pagesperso-orange.fr,Female,202-680-7099,3 Swallow Crossing,District of Columbia,20535,63
647,Deanna,Schechter,dschechterhy@umn.edu,Female,210-779-8294,64 La Follette Park,Texas,78260,177
648,Keary,Newitt,knewitthz@constantcontact.com,Male,205-365-8838,397 Charing Cross Alley,Alabama,35231,67
649,Armand,Dumphreys,adumphreysi0@washingtonpost.com,Male,212-963-5119,92 Scofield Crossing,New York,10175,208
650,Daune,Becket,dbecketi1@wired.com,Female,304-812-3531,8 Sundown Place,West Virginia,25726,178
651,Bernardine,Seviour,bseviouri2@goo.ne.jp,Female,405-715-8683,594 Thackeray Court,Oklahoma,73190,195
652,Errick,Blumer,eblumeri3@imageshack.us,Male,662-246-1229,66302 Toban Terrace,Mississippi,39705,0
653,Adlai,Stagg,astaggi4@1und1.de,Male,651-237-0735,3667 Anthes Avenue,Minnesota,55166,179
654,Derick,Atton,dattoni5@hhs.gov,Male,847-311-1424,270 Express Trail,Illinois,60646,26
655,Claudianus,Tock,ctocki6@yahoo.com,Male,480-674-8388,8 Debra Hill,Arizona,85219,126
656,Spence,Levis,slevisi7@usatoday.com,Male,919-166-5530,999 Mayfield Court,North Carolina,27605,215
657,Field,Churchard,fchurchardi8@thetimes.co.uk,Male,303-493-2991,382 Arizona Alley,Colorado,80223,30
658,Neely,Enrich,nenrichi9@bizjournals.com,Female,407-802-3317,8 Florence Trail,Florida,32813,48
659,Valeria,Tinham,vtinhamia@mozilla.org,Female,320-930-4618,06 Corscot Street,Minnesota,56372,153
660,Ash,Briand,abriandib@japanpost.jp,Male,614-788-7394,865 Birchwood Street,Ohio,43210,94
661,Marjie,Dozdill,mdozdillic@china.com.cn,Female,813-459-4715,00290 Mockingbird Park,Florida,33543,70
662,Celestine,Marklow,cmarklowid@angelfire.com,Female,816-900-0241,5 Mockingbird Court,Missouri,64190,219
663,Lenci,Kos,lkosie@thetimes.co.uk,Male,512-126-1986,667 Lerdahl Drive,Texas,78778,38
664,Marni,Davison,mdavisonif@who.int,Female,978-370-2239,43 Village Center,Massachusetts,2472,165
665,Elsi,Franciotti,efranciottiig@ftc.gov,Female,205-541-6903,957 Burning Wood Way,Alabama,35231,18
666,Dillon,Tasseler,dtasselerih@dyndns.org,Male,503-605-2575,88 Alpine Hill,Oregon,97296,214
667,Way,Marl,wmarlii@devhub.com,Male,317-213-5696,087 Susan Plaza,Indiana,46226,118
668,Timmie,Sherwen,tsherwenij@instagram.com,Male,937-822-6993,8601 Park Meadow Street,Ohio,45020,114
669,Clarence,Runchman,crunchmanik@macromedia.com,Male,312-652-1199,5869 Forest Street,Illinois,60669,20
670,Gregoire,Lottrington,glottringtonil@fda.gov,Male,202-760-0355,2949 Pond Drive,District of Columbia,20436,101
671,Jobyna,Dollman,jdollmanim@a8.net,Female,904-770-7886,8888 Luster Plaza,Florida,32244,113
672,Vania,Combe,vcombein@ftc.gov,Female,917-447-4918,79 Kensington Alley,New York,10469,42
673,Raimondo,Nigh,rnighio@ask.com,Male,202-469-2067,84041 Bobwhite Place,District of Columbia,20057,84
674,Robbie,Churchman,rchurchmanip@istockphoto.com,Male,815-891-0828,5143 Old Gate Way,Illinois,61110,111
675,Rorie,Leahey,rleaheyiq@auda.org.au,Female,307-693-4612,72 Bunker Hill Drive,Wyoming,82007,214
676,Madelyn,Bowbrick,mbowbrickir@adobe.com,Female,928-181-4230,52154 Portage Crossing,Arizona,85383,124
677,Nikolas,Postle,npostleis@businesswire.com,Male,913-319-3607,159 Roxbury Point,Kansas,66105,28
678,Matty,Maevela,mmaevelait@blogs.com,Male,662-490-7285,298 Blue Bill Park Pass,Mississippi,39705,43
679,Jared,Farbrother,jfarbrotheriu@scribd.com,Male,415-719-5853,1306 Superior Center,California,94154,2
680,Fionna,Beggs,fbeggsiv@xinhuanet.com,Female,404-810-4452,7 Truax Circle,Georgia,30351,150
681,Cyrillus,Jindrich,cjindrichiw@discuz.net,Male,202-886-2963,10 Moland Center,District of Columbia,20088,117
682,Kelsi,Patek,kpatekix@comcast.net,Female,405-236-1448,4 Bluestem Circle,Oklahoma,73119,102
683,Kendre,Shurey,kshureyiy@utexas.edu,Female,814-577-7720,05050 4th Plaza,Pennsylvania,16534,129
684,Fleming,Carnell,fcarnelliz@ted.com,Male,804-504-8839,66 Havey Pass,Virginia,23203,215
685,Yehudi,Miall,ymiallj0@booking.com,Male,312-524-5964,8402 Gale Circle,Illinois,60646,24
686,Blayne,De Domenico,bdedomenicoj1@netscape.com,Male,937-223-9526,36 Pennsylvania Alley,Ohio,45490,29
687,Fee,Laxston,flaxstonj2@wufoo.com,Male,702-275-7248,3817 Morningstar Terrace,Nevada,89036,34
688,Fabiano,de Nore,fdenorej3@mozilla.com,Male,515-205-2538,37708 Village Trail,Iowa,50981,184
689,Hedwig,Klimpt,hklimptj4@discovery.com,Female,850-537-9848,77042 Hanson Center,Florida,32412,50
690,Jilli,Brownscombe,jbrownscombej5@vinaora.com,Female,314-655-7621,96 Upham Way,Missouri,63110,44
691,Opaline,Chishull,ochishullj6@mysql.com,Female,865-786-6323,5177 Clarendon Trail,Tennessee,37931,121
692,Chicky,McCafferky,cmccafferkyj7@blogger.com,Male,901-732-0910,01 Grover Pass,Tennessee,38126,134
693,Meredith,Nansom,mnansomj8@sohu.com,Female,303-850-7207,78 Kim Hill,Colorado,80262,91
694,Maribeth,Casari,mcasarij9@so-net.ne.jp,Female,918-715-1392,95 Sutteridge Avenue,Oklahoma,74193,74
695,Giorgio,Summons,gsummonsja@ox.ac.uk,Male,651-523-8781,9260 Spenser Lane,Minnesota,55412,192
696,Rubin,Wellen,rwellenjb@goodreads.com,Male,865-240-3427,9 Glacier Hill Plaza,Tennessee,37995,148
697,Antonino,Elkins,aelkinsjc@pinterest.com,Male,212-628-9720,32039 Sunfield Junction,New York,10125,203
698,Ramonda,Meadowcraft,rmeadowcraftjd@yahoo.co.jp,Female,813-468-5261,8920 Helena Street,Florida,33605,113
699,Pollyanna,Sharer,psharerje@simplemachines.org,Female,323-512-7765,02128 Green Crossing,California,91606,118
700,Quintana,Lathy,qlathyjf@amazon.com,Female,608-627-7325,10 Paget Court,Wisconsin,53785,52
701,Nollie,Vinnick,nvinnickjg@arizona.edu,Female,415-362-4480,172 Hudson Street,California,94164,168
702,Storm,Rawle,srawlejh@google.de,Female,415-926-6267,7087 Westend Point,California,94616,95
703,Cornelius,Scaice,cscaiceji@washington.edu,Male,334-370-1928,2 Pawling Terrace,Alabama,36114,16
704,Dukey,Bisgrove,dbisgrovejj@tiny.cc,Male,617-608-2961,85853 Carberry Avenue,Massachusetts,2109,23
705,Josias,Excell,jexcelljk@cnn.com,Male,425-745-9404,255 Basil Street,Washington,98115,94
706,Walsh,Sey,wseyjl@uiuc.edu,Male,706-866-0684,8749 Nova Trail,Georgia,30919,159
707,Zane,Nannoni,znannonijm@ameblo.jp,Male,615-442-0653,224 Forest Dale Plaza,Tennessee,37215,37
708,Hanson,Pitway,hpitwayjn@google.ru,Male,405-782-2904,78 Forest Plaza,Oklahoma,73179,90
709,Pryce,Vieyra,pvieyrajo@goodreads.com,Male,316-504-5243,248 Buena Vista Place,Kansas,67230,14
710,Hephzibah,Fleeman,hfleemanjp@craigslist.org,Female,209-120-5046,4 Shopko Avenue,California,95219,55
711,Maryjo,Olivas,molivasjq@imageshack.us,Female,508-238-2165,12632 Pleasure Circle,Massachusetts,2745,37
712,Robinson,Fassbender,rfassbenderjr@icq.com,Male,518-455-4960,878 Hooker Junction,New York,12237,5
713,Gavra,Reiach,greiachjs@merriam-webster.com,Female,614-626-1811,48844 Loomis Alley,Ohio,43210,41
714,Vaughn,Biesterfeld,vbiesterfeldjt@cyberchimps.com,Male,267-210-1440,33292 Loomis Place,Pennsylvania,19058,164
715,Belita,Cheson,bchesonju@adobe.com,Female,512-330-6651,56300 Spaight Parkway,Texas,78764,212
716,Sheffy,Longland,slonglandjv@omniture.com,Male,904-589-3051,88582 Bluejay Center,Florida,32209,218
717,Eachelle,Cliburn,ecliburnjw@answers.com,Female,701-225-7527,604 Farwell Court,North Dakota,58505,114
718,Sullivan,Franz,sfranzjx@nps.gov,Male,407-254-0840,890 Golf View Road,Florida,32891,138
719,Giusto,Paolino,gpaolinojy@indiatimes.com,Male,714-583-5129,1311 Del Mar Place,California,92862,125
720,Gregg,Ripper,gripperjz@istockphoto.com,Male,309-258-8930,390 Tennessee Alley,Illinois,61709,216
721,Halli,Pincott,hpincottk0@spiegel.de,Female,318-409-2442,19 Paget Way,Louisiana,71307,195
722,Westleigh,Skiplorne,wskiplornek1@microsoft.com,Male,801-432-6777,5 Green Place,Utah,84120,167
723,Torr,Rajchert,trajchertk2@engadget.com,Male,901-946-0559,1 Loeprich Court,Tennessee,38131,11
724,Raynard,Nurdin,rnurdink3@amazon.co.jp,Male,918-735-4571,85 Oneill Hill,Oklahoma,74133,130
725,Mercy,Aristide,maristidek4@sakura.ne.jp,Female,810-744-6143,66 Dixon Circle,Michigan,48092,144
726,Niven,Skuce,nskucek5@friendfeed.com,Male,304-624-5549,63 Sachs Terrace,West Virginia,25389,32
727,Pancho,Becraft,pbecraftk6@sina.com.cn,Male,253-216-4027,1066 Summerview Point,Washington,98498,120
728,Fernanda,Offill,foffillk7@fotki.com,Female,907-984-7788,48 Debra Place,Alaska,99812,213
729,Gradey,Otto,gottok8@cpanel.net,Male,615-189-5422,00927 Merchant Court,Tennessee,37245,189
730,Aurthur,Corley,acorleyk9@creativecommons.org,Male,717-581-4939,23 Grasskamp Avenue,Pennsylvania,17140,32
731,Ahmed,Gomme,agommeka@economist.com,Male,202-948-7823,27 Katie Way,District of Columbia,20566,21
732,Filbert,Totterdell,ftotterdellkb@pcworld.com,Male,405-599-6436,41 Lukken Terrace,Oklahoma,73179,72
733,Pearl,Daoust,pdaoustkc@pen.io,Female,415-309-4178,14 Eagan Parkway,California,94126,25
734,Ciel,St. Leger,cstlegerkd@cnbc.com,Female,702-676-1063,6 Meadow Ridge Parkway,Nevada,89105,98
735,Ambros,Capey,acapeyke@google.de,Male,551-384-6658,7035 Parkside Pass,New Jersey,7310,178
736,Trenna,Gartery,tgarterykf@ucsd.edu,Female,913-436-6146,1 Independence Terrace,Kansas,66205,107
737,Rosalia,Charlin,rcharlinkg@walmart.com,Female,212-429-9847,403 Main Terrace,New York,10120,50
738,Addi,Dedon,adedonkh@ucoz.com,Female,360-923-4887,9 Canary Lane,Washington,98664,120
739,Lazarus,Dwight,ldwightki@theatlantic.com,Male,702-297-9631,437 Hermina Alley,Nevada,89105,113
740,Rachelle,Donnan,rdonnankj@123-reg.co.uk,Female,803-522-1890,89435 Sommers Center,South Carolina,29225,141
741,Rayna,Riccardo,rriccardokk@last.fm,Female,407-871-9602,635 Harper Place,Florida,32891,165
742,Niall,Melley,nmelleykl@com.com,Male,281-828-4417,35 Drewry Crossing,Texas,77065,90
743,Matelda,Petters,mpetterskm@networksolutions.com,Female,859-850-4587,6 Nevada Road,Kentucky,40546,92
744,Jemmy,Zebedee,jzebedeekn@ebay.co.uk,Female,859-388-1838,258 Packers Place,Kentucky,40596,36
745,Ariana,Baroch,abarochko@nymag.com,Female,650-372-3184,8 Anthes Center,California,94064,73
746,Sheridan,Kitman,skitmankp@vkontakte.ru,Male,402-526-0836,66301 Moulton Avenue,Nebraska,68531,64
747,Nikolai,Kermon,nkermonkq@google.fr,Male,415-780-9946,2 Scoville Parkway,California,94159,170
748,Gertruda,Kowalski,gkowalskikr@tinyurl.com,Female,434-565-1839,59024 Riverside Avenue,Virginia,22111,196
749,Gorden,Oldridge,goldridgeks@auda.org.au,Male,512-586-6921,1 Raven Center,Texas,78721,176
750,Rouvin,Eeles,reeleskt@gizmodo.com,Male,208-645-6182,877 Emmet Street,Idaho,83405,100
751,Jayson,Maldin,jmaldinku@addtoany.com,Male,806-450-3286,66359 Pierstorff Alley,Texas,79182,156
752,Broddy,Isacoff,bisacoffkv@jalbum.net,Male,626-722-2738,0346 Fulton Place,California,91125,165
753,Marchall,Lacroux,mlacrouxkw@elegantthemes.com,Male,971-758-9376,9 Crest Line Court,Oregon,97201,133
754,Monty,Rankling,mranklingkx@unicef.org,Male,315-268-1566,534 Continental Point,New York,14614,91
755,Jeniffer,Hews,jhewsky@yahoo.co.jp,Female,954-346-2996,8375 Weeping Birch Way,Florida,33142,25
756,Sergent,Dunphy,sdunphykz@icio.us,Male,215-149-3987,859 Little Fleur Drive,Pennsylvania,19146,108
757,Gail,Hughes,ghughesl0@stumbleupon.com,Female,702-920-6122,489 Walton Place,Nevada,89135,35
758,Albrecht,Caulder,acaulderl1@wired.com,Male,703-813-7362,60614 Carey Court,Maryland,20904,18
759,Lilli,Mitchel,lmitchell2@histats.com,Female,716-484-8889,41964 Gateway Terrace,New York,14276,191
760,Augy,Goldsworthy,agoldsworthyl3@163.com,Male,202-519-6120,33576 Lake View Court,District of Columbia,20392,161
761,Aksel,Oates,aoatesl4@upenn.edu,Male,719-906-7684,1559 Butternut Road,Colorado,80915,194
762,Ramsay,Kembrey,rkembreyl5@thetimes.co.uk,Male,754-573-9521,1794 Golden Leaf Parkway,Florida,33075,106
763,Shep,Cruess,scruessl6@domainmarket.com,Male,941-590-9807,1511 Valley Edge Junction,Florida,34108,85
764,Lynette,Gallehock,lgallehockl7@twitpic.com,Female,404-738-0341,362 Mayer Road,Georgia,30380,136
765,Elisa,Binford,ebinfordl8@dot.gov,Female,602-308-4252,60 Manitowish Center,Arizona,85010,145
766,Honor,Oxton,hoxtonl9@ibm.com,Female,940-131-2238,325 Everett Junction,Texas,76205,84
767,Yehudi,Fosdike,yfosdikela@amazonaws.com,Male,804-667-9484,4 Merchant Park,Virginia,23228,68
768,Carlyn,Ouldcott,couldcottlb@photobucket.com,Female,406-773-9667,089 Prentice Road,Montana,59112,23
769,Stanfield,Urpeth,surpethlc@deviantart.com,Male,757-596-4343,34804 Mendota Drive,Virginia,23436,98
770,Loria,Gawith,lgawithld@sitemeter.com,Female,713-411-2239,07408 Elgar Place,Texas,76016,188
771,Katie,Vatini,kvatinile@lulu.com,Female,202-400-2460,0329 Sheridan Road,District of Columbia,20503,182
772,Ximenes,Desquesnes,xdesquesneslf@goo.ne.jp,Male,203-125-1019,0 Melody Trail,Connecticut,6538,51
773,Athene,Tym,atymlg@home.pl,Female,480-219-0816,0273 Coolidge Circle,Arizona,85005,63
774,Kerri,Kyncl,kkyncllh@i2i.jp,Female,503-711-3400,87 Barnett Alley,Oregon,97206,103
775,Jeni,Gather,jgatherli@census.gov,Female,716-795-1745,678 Little Fleur Avenue,New York,14263,176
776,Ardra,Brockington,abrockingtonlj@mozilla.com,Female,859-908-2722,48649 Eagan Pass,Kentucky,40581,176
777,Martina,MacClure,mmacclurelk@usnews.com,Female,765-239-7557,55467 Mallory Alley,Indiana,47905,174
778,Lucho,Giffkins,lgiffkinsll@bizjournals.com,Male,304-588-6577,683 Crest Line Plaza,West Virginia,25711,208
779,Miller,Combes,mcombeslm@g.co,Male,304-929-0007,49862 Elmside Circle,West Virginia,25770,113
780,Gennifer,Schmuhl,gschmuhlln@twitpic.com,Female,718-339-8319,3 Mitchell Alley,New York,10305,12
781,Orland,Toynbee,otoynbeelo@reuters.com,Male,585-478-1248,46 Oriole Park,New York,14609,55
782,Nichole,O'Fallone,nofallonelp@abc.net.au,Male,317-755-9298,97790 Walton Parkway,Indiana,46207,140
783,Shurlock,Doherty,sdohertylq@ow.ly,Male,617-529-8516,43610 Roxbury Way,Massachusetts,2114,82
784,Arielle,Staniforth,astaniforthlr@dion.ne.jp,Female,229-233-1288,341 Columbus Plaza,Georgia,31704,107
785,Tyne,Marzele,tmarzelels@nifty.com,Female,215-768-9073,45 Chinook Park,Pennsylvania,19093,5
786,Carlye,Jakubczyk,cjakubczyklt@tripadvisor.com,Female,405-229-0408,05 Independence Crossing,Oklahoma,73114,217
787,Hort,Olcot,holcotlu@nba.com,Male,303-160-6164,22 Lunder Pass,Colorado,80279,124
788,Boyd,Magne,bmagnelv@wp.com,Male,806-912-2822,10462 Onsgard Trail,Texas,79176,188
789,Tonie,Winny,twinnylw@tamu.edu,Female,785-795-1204,9 Algoma Alley,Kansas,66667,120
790,Sophi,Dunbobbin,sdunbobbinlx@mysql.com,Female,501-473-6764,1300 Annamark Point,Arkansas,72199,156
791,Chester,O'Kelly,cokellyly@noaa.gov,Male,316-708-3988,2 Hoffman Way,Kansas,67205,2
792,Rasla,Genner,rgennerlz@phoca.cz,Female,913-156-0654,77619 Aberg Point,Kansas,66286,93
793,Justen,Packer,jpackerm0@cnn.com,Male,512-973-2570,3057 Colorado Drive,Texas,78715,194
794,Lionel,Dybald,ldybaldm1@myspace.com,Male,903-795-6580,36932 Leroy Lane,Texas,75605,99
795,Barris,Franzman,bfranzmanm2@usa.gov,Male,626-413-2786,328 Coolidge Alley,California,91520,208
796,Abbot,Duigan,aduiganm3@seesaa.net,Male,808-849-3260,07173 Mallard Park,Hawaii,96840,149
797,Violetta,Butt Gow,vbuttgowm4@wisc.edu,Female,727-408-7120,9294 Green Hill,Florida,34643,85
798,Dav,Edgeler,dedgelerm5@cnet.com,Male,317-344-9242,96420 Southridge Terrace,Indiana,46216,155
799,Virgie,Ludlom,vludlomm6@intel.com,Female,972-813-2676,23049 Charing Cross Point,Texas,75210,165
800,Shel,Haselden,shaseldenm7@abc.net.au,Female,775-942-8917,742 Shopko Street,Nevada,89714,166
801,Isac,Pagan,ipaganm8@vkontakte.ru,Male,601-453-0471,24747 Ilene Point,Mississippi,39216,1
802,Angelica,Quernel,aquernelm9@cloudflare.com,Female,309-430-0643,1 Stone Corner Place,Illinois,61629,199
803,Linell,Hoble,lhoblema@trellian.com,Female,915-435-1904,327 Village Hill,Texas,79977,167
804,Murial,Quan,mquanmb@loc.gov,Female,720-239-4852,2 Vernon Hill,Colorado,80005,90
805,Noby,Rowsel,nrowselmc@adobe.com,Male,813-518-0830,28503 Northfield Hill,Florida,33543,139
806,Johann,Kopps,jkoppsmd@purevolume.com,Male,615-805-2083,1156 Mendota Center,Tennessee,37205,216
807,Samaria,Breazeall,sbreazeallme@eventbrite.com,Female,414-528-6336,99904 Homewood Park,Wisconsin,53215,106
808,Tammy,Fearnside,tfearnsidemf@ocn.ne.jp,Female,757-780-9789,25966 Harbort Road,Virginia,23663,93
809,Virgie,Burnel,vburnelmg@oracle.com,Female,714-295-2454,7 Arrowood Pass,California,92805,15
810,Faustina,Badsworth,fbadsworthmh@reuters.com,Female,908-106-9723,35901 Steensland Avenue,New Jersey,7208,190
811,Duane,Hurring,dhurringmi@cloudflare.com,Male,515-939-0602,70428 Crowley Terrace,Iowa,50936,0
812,Francklyn,Cornew,fcornewmj@mail.ru,Male,714-364-0328,6 Hollow Ridge Park,California,92645,78
813,Constancia,Rolles,crollesmk@comcast.net,Female,417-369-3578,9 Spohn Avenue,Missouri,65810,76
814,Gradey,Tabrett,gtabrettml@bloglines.com,Male,864-460-8907,1420 Oneill Park,South Carolina,29610,204
815,Bamby,Sambals,bsambalsmm@myspace.com,Female,754-676-9304,37 Little Fleur Pass,Florida,33075,43
816,Eva,Hanna,ehannamn@adobe.com,Female,239-743-3071,81 Gateway Hill,Florida,34114,164
817,Gaultiero,O'Corren,gocorrenmo@nasa.gov,Male,813-872-5454,08475 Di Loreto Way,Florida,33620,76
818,Henderson,Rosendale,hrosendalemp@4shared.com,Male,702-833-7302,452 Banding Center,Nevada,89087,209
819,Marlo,Leglise,mleglisemq@amazon.com,Female,540-271-7119,75042 Utah Street,Virginia,24024,42
820,Bartholemy,Jephcott,bjephcottmr@youku.com,Male,530-126-9890,52 Spaight Lane,California,95833,210
821,Durante,Gabbat,dgabbatms@bravesites.com,Male,763-425-8965,9 Killdeer Center,Minnesota,55565,23
822,Fawn,Schlagman,fschlagmanmt@netlog.com,Female,212-940-3383,2447 Moose Trail,New York,10249,111
823,Deana,Marion,dmarionmu@nbcnews.com,Female,727-994-7424,99705 Iowa Trail,Florida,33763,39
824,Francine,Jarmyn,fjarmynmv@house.gov,Female,510-622-7064,29 Ohio Junction,California,94605,157
825,Missy,O'Lennachain,molennachainmw@1und1.de,Female,316-950-0021,29 Anthes Parkway,Kansas,67236,136
826,Cly,Bilfoot,cbilfootmx@dailymotion.com,Male,334-456-9440,876 Riverside Alley,Alabama,36114,123
827,Lusa,Fenney,lfenneymy@mashable.com,Female,406-904-2042,06 Atwood Parkway,Montana,59105,163
828,Hubert,Bydaway,hbydawaymz@xinhuanet.com,Male,435-943-2028,63 Melrose Circle,Utah,84105,22
829,Becka,McCloud,bmccloudn0@webnode.com,Female,806-759-0766,78 Park Meadow Center,Texas,79159,52
830,Ronny,Fenkel,rfenkeln1@delicious.com,Female,954-460-8003,950 Pankratz Plaza,Florida,33064,85
831,Elene,Scothorn,escothornn2@networkadvertising.org,Female,303-834-6478,48 Vera Way,Colorado,80228,155
832,Georgie,Burgoyne,gburgoynen3@upenn.edu,Male,912-507-0126,55015 Mayfield Parkway,Georgia,31416,178
833,Leila,Duckering,lduckeringn4@uiuc.edu,Female,432-811-6942,76 Nelson Terrace,Texas,79769,55
834,Reinhold,Eddis,reddisn5@slashdot.org,Male,904-171-1046,98 Talmadge Road,Florida,32092,53
835,Loralie,Horribine,lhorribinen6@baidu.com,Female,763-394-6408,68151 Monterey Pass,Minnesota,55412,65
836,Georas,Saffin,gsaffinn7@arizona.edu,Male,339-779-3834,792 Harbort Pass,Massachusetts,1813,217
837,Roi,Hune,rhunen8@go.com,Male,718-110-8619,300 Sachtjen Center,New York,10305,196
838,Pegeen,Van Halle,pvanhallen9@cnbc.com,Female,623-184-1358,4940 Springs Trail,Arizona,85015,131
839,Analiese,Tuohy,atuohyna@live.com,Female,305-639-5680,3 3rd Place,Florida,33134,155
840,Crin,Swithenby,cswithenbynb@hugedomains.com,Female,213-556-9403,98 Maple Point,California,91499,44
841,Sher,Laurenzi,slaurenzinc@hhs.gov,Female,571-521-9903,547 Debra Street,Virginia,22096,197
842,Danna,Durkin,ddurkinnd@angelfire.com,Female,540-777-5251,21 Commercial Court,Virginia,24009,53
843,Sandra,Traylen,straylenne@twitpic.com,Female,478-395-0555,721 Macpherson Way,Georgia,31210,20
844,Ernie,Dunkersley,edunkersleynf@dion.ne.jp,Male,724-745-8453,54053 Vidon Street,Pennsylvania,15235,28
845,Jerrilyn,Tyndall,jtyndallng@hibu.com,Female,706-638-2126,260 Cardinal Park,Georgia,30605,187
846,Salvatore,Toyne,stoynenh@fc2.com,Male,405-578-8865,15497 Fairfield Trail,Oklahoma,73147,52
847,Fawn,Sandcroft,fsandcroftni@sitemeter.com,Female,209-468-3761,7 Hollow Ridge Street,California,95205,52
848,Renault,Lisciandri,rlisciandrinj@slideshare.net,Male,303-137-9732,74166 Spenser Court,Colorado,80270,70
849,Genni,Winder,gwindernk@typepad.com,Female,205-517-5300,43874 Shoshone Road,Alabama,35405,188
850,Elsey,Benzie,ebenzienl@nature.com,Female,775-784-9569,4632 Graceland Road,Nevada,89714,118
851,Pennie,Fiddyment,pfiddymentnm@ca.gov,Male,317-270-9198,1 Scott Hill,Indiana,46226,106
852,Elka,Hearne,ehearnenn@state.tx.us,Female,312-555-7940,91133 Main Junction,Illinois,60630,187
853,Annalise,Belleny,abellenyno@rambler.ru,Female,952-205-0518,850 Thierer Road,Minnesota,55557,221
854,Trefor,Brosetti,tbrosettinp@google.de,Male,907-245-2071,1 Cordelia Terrace,Alaska,99507,52
855,Michelle,Povey,mpoveynq@diigo.com,Female,619-918-1780,768 Elmside Parkway,California,92153,154
856,Angie,O'Concannon,aoconcannonnr@princeton.edu,Male,910-801-5006,46 Utah Center,North Carolina,28405,141
857,Daphna,Kupec,dkupecns@cpanel.net,Female,202-335-9233,15705 Northwestern Street,District of Columbia,20078,177
858,Van,Fairbard,vfairbardnt@google.ca,Female,713-803-8046,77603 Kipling Lane,Texas,77260,23
859,Mortimer,O' Borne,mobornenu@google.cn,Male,859-340-1946,4288 Mockingbird Hill,Kentucky,40505,37
860,Lincoln,Lynam,llynamnv@cbslocal.com,Male,202-363-5902,07 Redwing Pass,District of Columbia,20420,58
861,Brandy,Tatham,btathamnw@nydailynews.com,Female,210-869-5661,353 Cardinal Hill,Texas,78291,200
862,Murdoch,Hansana,mhansananx@epa.gov,Male,818-755-7153,12 Beilfuss Trail,California,91328,70
863,Stanislaus,Wandrich,swandrichny@uol.com.br,Male,816-544-3904,2 Hudson Point,Missouri,64160,99
864,Fina,Styan,fstyannz@bandcamp.com,Female,314-127-8056,69 Truax Plaza,Missouri,63104,137
865,Heindrick,Petri,hpetrio0@toplist.cz,Male,816-557-6958,57823 Kinsman Lane,Missouri,64190,199
866,Jen,Ballintyne,jballintyneo1@furl.net,Female,203-273-1439,1539 Monterey Lane,Connecticut,6905,123
867,Wade,Lothean,wlotheano2@nbcnews.com,Male,305-596-2515,2 Hovde Circle,Florida,33175,32
868,Elizabet,Reeks,ereekso3@cam.ac.uk,Female,845-653-7128,831 Nancy Court,New York,10606,194
869,Rudolf,Dibnah,rdibnaho4@rakuten.co.jp,Male,214-304-8609,49075 Stone Corner Crossing,Texas,75287,16
870,Enriqueta,Sitwell,esitwello5@nba.com,Female,417-466-3448,68648 Dapin Junction,Missouri,65805,63
871,Matelda,Headon,mheadono6@cnet.com,Female,213-475-6318,35 Dayton Place,California,90050,211
872,Justis,Guillerman,jguillermano7@ucoz.com,Male,641-940-6925,1379 Declaration Crossing,Iowa,50315,221
873,Randie,Isard,risardo8@ycombinator.com,Male,719-842-8391,5 Packers Drive,Colorado,81005,181
874,Nolan,Bigly,nbiglyo9@instagram.com,Male,520-842-9068,188 Arrowood Alley,Arizona,85705,152
875,Issie,Peck,ipeckoa@yelp.com,Female,205-494-8366,6728 Browning Junction,Alabama,35290,86
876,Hester,D'Alessio,hdalessioob@seattletimes.com,Female,561-486-6374,99 Mitchell Alley,Florida,33467,105
877,Vania,Bricham,vbrichamoc@apache.org,Female,661-287-1218,736 Gerald Trail,California,93584,67
878,Winifield,Basil,wbasilod@discovery.com,Male,216-572-7743,00438 Katie Junction,Ohio,44197,156
879,Kaleena,Timcke,ktimckeoe@behance.net,Female,305-692-2962,625 Service Center,Florida,33018,30
880,Rafe,Shapera,rshaperaof@adobe.com,Male,412-655-7264,0831 Brown Junction,Pennsylvania,15274,171
881,Whittaker,Stolle,wstolleog@msu.edu,Male,316-516-1566,32547 Sommers Road,Kansas,67236,161
882,Cecile,Wanek,cwanekoh@list-manage.com,Female,303-451-8698,08687 Cordelia Alley,Colorado,80005,128
883,Innis,Wimms,iwimmsoi@yellowbook.com,Male,619-839-0833,29446 Scofield Crossing,California,91913,136
884,Bastian,Ravenhill,bravenhilloj@goodreads.com,Male,504-819-1788,8678 Jenna Hill,Louisiana,70129,95
885,Giuseppe,Brabbs,gbrabbsok@acquirethisname.com,Male,202-943-5266,8 Graceland Park,District of Columbia,20016,191
886,Vale,Bellwood,vbellwoodol@microsoft.com,Female,713-654-2945,5 Roxbury Center,Texas,77288,169
887,Carlo,Stroyan,cstroyanom@ifeng.com,Male,612-801-8271,84 Waywood Hill,Minnesota,55436,72
888,Regan,Proom,rproomon@disqus.com,Female,734-652-0529,1 Express Trail,Michigan,48206,204
889,Karoly,Lawford,klawfordoo@rambler.ru,Male,256-540-7672,19 Blaine Circle,Alabama,35810,11
890,Tirrell,Billyeald,tbillyealdop@wsj.com,Male,205-847-6006,4321 West Avenue,Alabama,35225,53
891,Bert,Colthurst,bcolthurstoq@va.gov,Female,816-797-1797,5638 Claremont Lane,Missouri,64082,166
892,Paula,Ferrucci,pferruccior@shutterfly.com,Female,202-476-6187,48 Fairfield Junction,District of Columbia,20205,47
893,Cleavland,Lindsey,clindseyos@ed.gov,Male,904-325-2686,409 Vermont Way,Florida,32220,90
894,Demetris,Rhoddie,drhoddieot@gnu.org,Female,315-666-4779,2 Straubel Drive,New York,13224,203
895,Fredia,Chmarny,fchmarnyou@myspace.com,Female,806-877-2858,66 Service Court,Texas,79491,206
896,Marleen,Fittis,mfittisov@nifty.com,Female,518-311-4604,832 Hermina Place,New York,12305,214
897,Trixi,Muckleston,tmucklestonow@ezinearticles.com,Female,949-707-5286,64 Northridge Street,California,92612,201
898,Araldo,Lynds,alyndsox@yahoo.co.jp,Male,304-690-7450,559 Hudson Plaza,West Virginia,25356,84
899,Eduard,Isaacson,eisaacsonoy@gravatar.com,Male,323-228-8888,458 Anzinger Court,California,90015,133
900,Phaedra,Pullar,ppullaroz@rakuten.co.jp,Female,775-973-9078,142 Anderson Road,Nevada,89595,110
901,Carolan,Piers,cpiersp0@whitehouse.gov,Female,713-296-0795,7057 Cottonwood Pass,Texas,77281,208
902,Tann,Gibberd,tgibberdp1@ihg.com,Male,214-974-6998,439 Elmside Trail,Texas,75372,68
903,Janot,Tofanelli,jtofanellip2@cloudflare.com,Female,770-595-2343,24585 Graedel Alley,Georgia,30096,56
904,Hillery,Linnitt,hlinnittp3@java.com,Male,512-878-6427,181 Redwing Road,Texas,78715,101
905,Beulah,Maciocia,bmaciociap4@arizona.edu,Female,215-822-0151,88 Basil Way,Pennsylvania,19093,161
906,Darcy,Targetter,dtargetterp5@ebay.com,Female,574-155-7351,15 Declaration Way,Indiana,46699,203
907,Erinna,Lanham,elanhamp6@redcross.org,Female,571-891-5267,8230 Emmet Hill,Virginia,20167,0
908,Jacinta,Dudderidge,jdudderidgep7@miibeian.gov.cn,Female,714-488-3540,68 Schiller Way,California,92862,219
909,Wells,Peachey,wpeacheyp8@stanford.edu,Male,661-275-2212,5 Miller Terrace,California,93305,4
910,Aurilia,Averall,aaverallp9@indiegogo.com,Female,253-232-9587,80 Mifflin Plaza,Washington,98417,215
911,Agnese,Harpham,aharphampa@github.io,Female,317-592-8774,03204 Bobwhite Pass,Indiana,46247,43
912,Brett,Buesnel,bbuesnelpb@amazon.co.uk,Male,907-775-1725,297 Surrey Place,Alaska,99599,66
913,Esta,Francklin,efrancklinpc@miibeian.gov.cn,Female,941-146-8919,22968 Manufacturers Pass,Florida,34238,149
914,Janaya,Ganley,jganleypd@hatena.ne.jp,Female,916-432-8869,6819 Warner Way,California,94207,7
915,Fons,Andreazzi,fandreazzipe@reverbnation.com,Male,316-146-3143,147 Village Crossing,Kansas,67220,209
916,Antonella,Ortas,aortaspf@bloomberg.com,Female,843-686-7795,26149 Almo Alley,South Carolina,29424,56
917,Bran,Salleir,bsalleirpg@dot.gov,Male,916-283-4505,163 Warbler Junction,California,95823,49
918,Fredelia,Dey,fdeyph@nih.gov,Female,765-385-3867,082 Alpine Street,Indiana,46202,77
919,Idalia,Davidove,idavidovepi@wordpress.com,Female,312-939-2592,65 Meadow Valley Street,Illinois,60641,93
920,Ag,Brennen,abrennenpj@irs.gov,Female,208-517-9198,7 Sunfield Circle,Idaho,83405,71
921,Alta,McHarry,amcharrypk@php.net,Female,918-629-8082,08 Myrtle Drive,Oklahoma,74126,162
922,Fidelio,Pittle,fpittlepl@livejournal.com,Male,918-641-4760,5937 Hollow Ridge Way,Oklahoma,74126,9
923,Valentino,Etoile,vetoilepm@chronoengine.com,Male,512-839-2448,127 Blue Bill Park Hill,Texas,78715,130
924,Izabel,Loton,ilotonpn@google.es,Female,571-182-1913,0 Corscot Alley,Virginia,22234,65
925,Ferd,Baverstock,fbaverstockpo@webnode.com,Male,323-605-6568,47 Golf Junction,California,91606,134
926,Caitlin,Tasseler,ctasselerpp@washingtonpost.com,Female,702-692-5367,0 Scoville Center,Nevada,89160,200
927,Grethel,Mamwell,gmamwellpq@de.vu,Female,641-850-9776,9839 Meadow Vale Terrace,Iowa,50315,99
928,Janessa,Comiam,jcomiampr@nhs.uk,Female,615-755-7064,5 Cherokee Way,Tennessee,37245,166
929,Martainn,Pennycock,mpennycockps@com.com,Male,443-704-0306,5538 Darwin Center,Maryland,21203,129
930,Hubey,Scothron,hscothronpt@github.com,Male,609-154-9651,62 Lake View Alley,New Jersey,8608,82
931,Toby,Gilcrist,tgilcristpu@histats.com,Male,203-121-8042,2613 Grayhawk Junction,Connecticut,6505,30
932,Anastasie,Antonowicz,aantonowiczpv@paginegialle.it,Female,617-890-3704,92 Jana Terrace,Massachusetts,2124,110
933,Judah,Fenge,jfengepw@etsy.com,Male,339-858-4401,8 Eagan Center,Massachusetts,1813,147
934,Shurlocke,Vipan,svipanpx@last.fm,Male,971-255-7232,42800 Bartelt Center,Oregon,97255,71
935,Kylynn,Sinnott,ksinnottpy@cnn.com,Female,812-804-0159,32 Dunning Circle,Indiana,47712,11
936,Saba,Caswill,scaswillpz@edublogs.org,Female,513-110-1569,81 Lillian Point,Ohio,45254,1
937,Yurik,Shervil,yshervilq0@nasa.gov,Male,213-966-5639,53 Scott Park,California,90101,71
938,Heidie,Getten,hgettenq1@kickstarter.com,Female,727-673-9673,23098 Vera Hill,Florida,34629,193
939,Sullivan,Barbier,sbarbierq2@dagondesign.com,Male,312-742-3706,8 Grayhawk Drive,Illinois,60681,134
940,Jaye,Mudie,jmudieq3@samsung.com,Male,818-319-9277,1895 Dennis Trail,California,91606,137
941,Catie,Duckett,cduckettq4@parallels.com,Female,202-973-2406,7668 Goodland Center,District of Columbia,20557,110
942,Francis,Cassar,fcassarq5@umich.edu,Male,314-800-0543,999 Lindbergh Point,Missouri,63110,192
943,Marcia,Souch,msouchq6@e-recht24.de,Female,916-355-9573,90270 Hooker Parkway,California,95813,67
944,Marika,Kulis,mkulisq7@bizjournals.com,Female,412-258-3063,24 Service Pass,Pennsylvania,15225,160
945,Sunny,Padilla,spadillaq8@wunderground.com,Male,415-229-7039,5 Boyd Road,California,94110,3
946,Brennen,Holsall,bholsallq9@oakley.com,Male,817-207-1348,98 Prairieview Street,Texas,76110,87
947,Nedi,Tredget,ntredgetqa@youtube.com,Female,617-287-7037,8672 Briar Crest Circle,Massachusetts,2216,218
948,Alanson,Felmingham,afelminghamqb@live.com,Male,214-116-2646,71189 Morrow Center,Texas,75265,152
949,Robbert,Idel,ridelqc@globo.com,Male,831-915-2515,70754 Talmadge Road,California,95064,200
950,Othelia,Dimitrie,odimitrieqd@quantcast.com,Female,520-127-3405,46110 Scott Point,Arizona,85705,18
951,Katey,Overpool,koverpoolqe@ucsd.edu,Female,205-560-2689,3 Starling Park,Alabama,35231,117
952,Archibold,Enston,aenstonqf@studiopress.com,Male,919-856-9936,84 Amoth Place,North Carolina,27705,210
953,Miranda,Sacher,msacherqg@surveymonkey.com,Female,480-990-7577,6788 Vidon Drive,Arizona,85015,125
954,Catharine,Merdew,cmerdewqh@wp.com,Female,303-886-5368,90 Larry Avenue,Colorado,80161,189
955,Vera,Siret,vsiretqi@dailymotion.com,Female,419-339-8200,463 Rieder Parkway,Ohio,43656,122
956,Neils,Kinnier,nkinnierqj@naver.com,Male,713-637-5142,1371 Pepper Wood Alley,Texas,77255,169
957,Heinrik,Slemmonds,hslemmondsqk@paypal.com,Male,254-297-7782,65 Holy Cross Court,Texas,76505,218
958,Ashil,Tremayne,atremayneql@disqus.com,Female,916-886-6561,579 Lillian Point,California,94250,41
959,Cloris,Cordel,ccordelqm@house.gov,Female,321-647-9060,1743 Springview Hill,Florida,32825,64
960,Bertie,Honnan,bhonnanqn@umn.edu,Male,806-373-1361,5 Hovde Trail,Texas,79410,202
961,Rosabella,Avrahamian,ravrahamianqo@github.io,Female,915-307-8114,31 Derek Circle,Texas,88574,5
962,Nanny,Halsted,nhalstedqp@istockphoto.com,Female,614-992-5183,25 Dryden Junction,Ohio,43215,8
963,Daphna,Motherwell,dmotherwellqq@free.fr,Female,617-247-5811,4 Lakeland Junction,Massachusetts,2216,18
964,Haleigh,Adamov,hadamovqr@tuttocitta.it,Male,850-308-0155,4065 Manufacturers Junction,Florida,32505,203
965,Angelina,Criag,acriagqs@bbb.org,Female,217-248-1940,42 Shelley Court,Illinois,62756,112
966,Roselle,Stollhofer,rstollhoferqt@comcast.net,Female,402-373-5465,66 Merchant Trail,Nebraska,68144,76
967,Karleen,Ferris,kferrisqu@i2i.jp,Female,248-608-5054,7131 Burrows Junction,Michigan,48076,149
968,Dix,Gambell,dgambellqv@oracle.com,Female,757-586-8635,5172 Crownhardt Crossing,Virginia,23705,64
969,Say,Lots,slotsqw@angelfire.com,Male,718-741-5617,68 Mccormick Junction,New York,10310,148
970,Mayer,Endley,mendleyqx@hp.com,Male,323-853-0826,39 Chinook Trail,California,91505,157
971,Bobina,Bendig,bbendigqy@geocities.jp,Female,661-199-4573,81790 Crescent Oaks Hill,California,93399,66
972,Trevor,Tomlin,ttomlinqz@imdb.com,Male,412-170-0571,05 Marquette Point,Pennsylvania,15261,102
973,Roby,Bellefant,rbellefantr0@php.net,Female,505-279-5672,157 Hauk Road,New Mexico,87190,78
974,Sonny,Georgi,sgeorgir1@nps.gov,Female,518-569-8901,428 Kings Lane,New York,12262,147
975,Jeff,Fevers,jfeversr2@blogs.com,Male,309-493-3013,1380 Pepper Wood Way,Illinois,61629,174
976,Clive,Guiot,cguiotr3@mozilla.com,Male,602-454-7302,42827 Pepper Wood Place,Arizona,85099,151
977,Ebenezer,Simmance,esimmancer4@bravesites.com,Male,754-800-7911,53284 Dayton Hill,Florida,33336,40
978,Meggi,Blumire,mblumirer5@livejournal.com,Female,410-665-5959,925 Oakridge Avenue,Maryland,21216,134
979,Darlene,Parncutt,dparncuttr6@oaic.gov.au,Female,339-183-0495,5 Clove Avenue,Massachusetts,1813,122
980,Renato,Creser,rcreserr7@jalbum.net,Male,813-366-2455,27 Lotheville Park,Florida,33661,46
981,Lana,Taylot,ltaylotr8@1und1.de,Female,405-508-9076,6 Troy Point,Oklahoma,73197,190
982,Siusan,Moughton,smoughtonr9@businessinsider.com,Female,585-779-4779,9 Bluestem Junction,New York,14639,182
983,Jacinda,Risom,jrisomra@yahoo.com,Female,561-836-6645,0 Bartelt Terrace,Florida,33499,33
984,Marlow,I'anson,miansonrb@ask.com,Male,414-334-0713,61 Moland Court,Wisconsin,53210,26
985,Star,Capey,scapeyrc@freewebs.com,Female,702-395-0758,934 Troy Avenue,California,93111,175
986,Artemas,Kinde,akinderd@netlog.com,Male,814-695-3515,033 Sunnyside Hill,Pennsylvania,16534,13
987,Maren,Angrick,mangrickre@moonfruit.com,Female,212-242-8203,061 Cody Place,New York,10079,220
988,Grannie,Lagadu,glagadurf@furl.net,Male,702-280-8921,7535 Huxley Place,Nevada,89036,18
989,Brocky,Alekseicik,balekseicikrg@barnesandnoble.com,Male,281-590-5765,903 Namekagon Hill,Texas,77085,49
990,Deanna,Fladgate,dfladgaterh@instagram.com,Female,702-598-5289,4 Express Way,Nevada,89074,143
991,Zara,Wigglesworth,zwigglesworthri@unicef.org,Female,917-335-9294,69 Duke Avenue,New York,10110,213
992,Morten,Suddaby,msuddabyrj@intel.com,Male,951-131-3054,3294 Merry Lane,California,92519,187
993,Anetta,Bywater,abywaterrk@dell.com,Female,909-182-4994,9581 Miller Drive,California,91797,171
994,Biddy,Rands,brandsrl@uol.com.br,Female,919-926-7877,369 Delaware Trail,North Carolina,27710,61
995,Candy,Eagles,ceaglesrm@bloglovin.com,Female,713-994-8703,11348 Stone Corner Trail,Texas,77045,124
996,Vanny,de Villier,vdevillierrn@netscape.com,Female,813-554-4259,0400 Bobwhite Drive,Florida,33633,94
997,Tarah,Alexis,talexisro@myspace.com,Female,601-364-4422,52017 Bayside Crossing,Mississippi,39204,26
998,Selma,Groundwator,sgroundwatorrp@icq.com,Female,918-300-2009,1 Banding Road,Oklahoma,74170,18
999,Peter,Temporal,ptemporalrq@goo.ne.jp,Male,206-510-1349,98091 Clyde Gallagher Hill,Washington,98158,23
1000,Tristam,Minico,tminicorr@businesswire.com,Male,325-145-0049,099 Ridgeview Terrace,Texas,79605,179
